Name,Beds,Baths,Half Baths,Main Level SF,Upper Level SF,Lower Level SF,Porch & Deck SF,Garage SF,Garage Apartment SF,Heated SF,Total SF,Type,Render Front,Elevation Front,Elevation Left,Elevation Rear,Elevation Right,Floor Plan Main,Floor Plan Upper,Floor Plan Lower,Poster
Abilene,3,2,1,1478,0,0,384,0,0,1478,1862,single_level,abilene--render--front.jpg,abilene--elevation--front.jpg,abilene--elevation--left.jpg,abilene--elevation--rear.jpg,abilene--elevation--right.jpg,abilene--floor-plan--main.jpg,,,abilene--poster.jpg
Angler,3,2,1,2224,1432,0,832,614,0,3656,5102,multi_level,angler--render--front.jpg,angler--elevation--front.jpg,angler--elevation--left.jpg,angler--elevation--rear.jpg,angler--elevation--right.jpg,angler--floor-plan--main.jpg,angler--floor-plan--upper.jpg,,angler--poster.jpg
Armadillo Ranch,3,2,0,1150,297,0,152,0,0,1447,1599,multi_level,armadillo-ranch--render--front.jpg,armadillo-ranch--elevation--front.jpg,armadillo-ranch--elevation--left.jpg,armadillo-ranch--elevation--rear.jpg,armadillo-ranch--elevation--right.jpg,armadillo-ranch--floor-plan--main.jpg,armadillo-ranch--floor-plan--upper.jpg,,armadillo-ranch--poster.jpg
Arrowhead Lodge,3,2,1,2022,722,0,1992,0,0,2744,4736,multi_level,arrowhead-lodge--render--front.jpg,arrowhead-lodge--elevation--front.jpg,arrowhead-lodge--elevation--left.jpg,arrowhead-lodge--elevation--rear.jpg,arrowhead-lodge--elevation--right.jpg,arrowhead-lodge--floor-plan--main.jpg,arrowhead-lodge--floor-plan--upper.jpg,,arrowhead-lodge--poster.jpg
Ashby Camp,3,2,0,1200,830,0,480,0,0,2030,2510,multi_level,ashby-camp--render--front.jpg,ashby-camp--elevation--front.jpg,ashby-camp--elevation--left.jpg,ashby-camp--elevation--rear.jpg,ashby-camp--elevation--right.jpg,ashby-camp--floor-plan--main.jpg,ashby-camp--floor-plan--upper.jpg,,ashby-camp--poster.jpg
Ashe County Retreat,4,3,1,1797,1465,0,1072,0,0,3262,4334,multi_level,ashe-county-retreat--render--front.jpg,ashe-county-retreat--elevation--front.jpg,ashe-county-retreat--elevation--left.jpg,ashe-county-retreat--elevation--rear.jpg,ashe-county-retreat--elevation--right.jpg,ashe-county-retreat--floor-plan--main.jpg,ashe-county-retreat--floor-plan--upper.jpg,,ashe-county-retreat--poster.jpg
Ashley Cottage,3,2,1,1008,923,0,433,0,0,1931,2364,multi_level,ashley-cottage--render--front.jpg,ashley-cottage--elevation--front.jpg,ashley-cottage--elevation--left.jpg,ashley-cottage--elevation--rear.jpg,ashley-cottage--elevation--right.jpg,ashley-cottage--floor-plan--main.jpg,ashley-cottage--floor-plan--upper.jpg,,ashley-cottage--poster.jpg
Augusta,2,2,1,1262,1446,0,420,462,0,2708,3590,multi_level,augusta--render--front.jpg,augusta--elevation--front.jpg,augusta--elevation--left.jpg,augusta--elevation--rear.jpg,augusta--elevation--right.jpg,augusta--floor-plan--main.jpg,augusta--floor-plan--upper.jpg,,augusta--poster.jpg
Baby Doll,3,2,1,945,525,0,420,0,0,1470,1890,multi_level,baby-doll--render--front.jpg,baby-doll--elevation--front.jpg,baby-doll--elevation--left.jpg,baby-doll--elevation--rear.jpg,baby-doll--elevation--right.jpg,baby-doll--floor-plan--main.jpg,baby-doll--floor-plan--upper.jpg,,baby-doll--poster.jpg
Baby Moose,3,2,1,992,537,0,825,0,0,1529,2354,multi_level,baby-moose--render--front.jpg,baby-moose--elevation--front.jpg,baby-moose--elevation--left.jpg,baby-moose--elevation--rear.jpg,baby-moose--elevation--right.jpg,baby-moose--floor-plan--main.jpg,baby-moose--floor-plan--upper.jpg,,baby-moose--poster.jpg
Back Bay Cottage,3,3,0,1951,983,0,264,0,0,2934,3198,multi_level,back-bay-cottage--render--front.jpg,back-bay-cottage--elevation--front.jpg,back-bay-cottage--elevation--left.jpg,back-bay-cottage--elevation--rear.jpg,back-bay-cottage--elevation--right.jpg,back-bay-cottage--floor-plan--main.jpg,back-bay-cottage--floor-plan--upper.jpg,,back-bay-cottage--poster.jpg
Bald Eagle Lodge,4,4,3,2397,1040,2125,758,882,0,5562,7202,multi_level,bald-eagle-lodge--render--front.jpg,bald-eagle-lodge--elevation--front.jpg,bald-eagle-lodge--elevation--left.jpg,bald-eagle-lodge--elevation--rear.jpg,bald-eagle-lodge--elevation--right.jpg,bald-eagle-lodge--floor-plan--main.jpg,bald-eagle-lodge--floor-plan--upper.jpg,bald-eagle-lodge--floor-plan--lower.jpg,bald-eagle-lodge--poster.jpg
Baneberry,3,1,1,952,0,0,192,0,0,952,1144,single_level,baneberry--render--front.jpg,baneberry--elevation--front.jpg,baneberry--elevation--left.jpg,baneberry--elevation--rear.jpg,baneberry--elevation--right.jpg,baneberry--floor-plan--main.jpg,,,baneberry--poster.jpg
Bean Station Lodge,2,2,1,2037,196,0,920,0,0,2233,3153,multi_level,bean-station-lodge--render--front.jpg,bean-station-lodge--elevation--front.jpg,bean-station-lodge--elevation--left.jpg,bean-station-lodge--elevation--rear.jpg,bean-station-lodge--elevation--right.jpg,bean-station-lodge--floor-plan--main.jpg,bean-station-lodge--floor-plan--upper.jpg,,bean-station-lodge--poster.jpg
Bear Lake Lodge,3,3,1,2645,241,2645,1392,0,0,5531,6923,multi_level,bear-lake-lodge--render--front.jpg,bear-lake-lodge--elevation--front.jpg,bear-lake-lodge--elevation--left.jpg,bear-lake-lodge--elevation--rear.jpg,bear-lake-lodge--elevation--right.jpg,bear-lake-lodge--floor-plan--main.jpg,bear-lake-lodge--floor-plan--upper.jpg,bear-lake-lodge--floor-plan--lower.jpg,bear-lake-lodge--poster.jpg
Bee Branch Camp,3,3,1,1110,0,1110,735,402,0,2220,3357,single_level,bee-branch-camp--render--front.jpg,bee-branch-camp--elevation--front.jpg,bee-branch-camp--elevation--left.jpg,bee-branch-camp--elevation--rear.jpg,bee-branch-camp--elevation--right.jpg,bee-branch-camp--floor-plan--main.jpg,,bee-branch-camp--floor-plan--lower.jpg,bee-branch-camp--poster.jpg
Beechwood,2,1,0,1031,0,0,263,0,0,1031,1294,single_level,beechwood--render--front.jpg,beechwood--elevation--front.jpg,beechwood--elevation--left.jpg,beechwood--elevation--rear.jpg,beechwood--elevation--right.jpg,beechwood--floor-plan--main.jpg,,,beechwood--poster.jpg
Bickley Lodge,5,3,1,1393,999,1393,1023,585,0,3785,5393,multi_level,bickley-lodge--render--front.jpg,bickley-lodge--elevation--front.jpg,bickley-lodge--elevation--left.jpg,bickley-lodge--elevation--rear.jpg,bickley-lodge--elevation--right.jpg,bickley-lodge--floor-plan--main.jpg,bickley-lodge--floor-plan--upper.jpg,bickley-lodge--floor-plan--lower.jpg,bickley-lodge--poster.jpg
Big Cypress Lodge,3,4,1,2793,1215,1192,754,576,0,5200,6530,multi_level,big-cypress-lodge--render--front.jpg,big-cypress-lodge--elevation--front.jpg,big-cypress-lodge--elevation--left.jpg,big-cypress-lodge--elevation--rear.jpg,big-cypress-lodge--elevation--right.jpg,big-cypress-lodge--floor-plan--main.jpg,big-cypress-lodge--floor-plan--upper.jpg,big-cypress-lodge--floor-plan--lower.jpg,big-cypress-lodge--poster.jpg
Big Dan Lodge,4,4,1,1922,1179,0,2178,0,0,3101,5279,multi_level,big-dan-lodge--render--front.jpg,big-dan-lodge--elevation--front.jpg,big-dan-lodge--elevation--left.jpg,big-dan-lodge--elevation--rear.jpg,big-dan-lodge--elevation--right.jpg,big-dan-lodge--floor-plan--main.jpg,big-dan-lodge--floor-plan--upper.jpg,,big-dan-lodge--poster.jpg
Big Rock Lodge,4,3,1,1419,859,0,883,0,0,2278,3161,multi_level,big-rock-lodge--render--front.jpg,big-rock-lodge--elevation--front.jpg,big-rock-lodge--elevation--left.jpg,big-rock-lodge--elevation--rear.jpg,big-rock-lodge--elevation--right.jpg,big-rock-lodge--floor-plan--main.jpg,big-rock-lodge--floor-plan--upper.jpg,,big-rock-lodge--poster.jpg
Bird Dog Camp,3,2,1,1468,0,1468,539,0,0,2936,3475,multi_level,bird-dog-camp--render--front.jpg,bird-dog-camp--elevation--front.jpg,bird-dog-camp--elevation--left.jpg,bird-dog-camp--elevation--rear.jpg,bird-dog-camp--elevation--right.jpg,bird-dog-camp--floor-plan--main.jpg,,bird-dog-camp--floor-plan--lower.jpg,bird-dog-camp--poster.jpg
Bison Camp,1,1,0,176,756,0,32,580,0,932,1544,multi_level,bison-camp--render--front.jpg,bison-camp--elevation--front.jpg,bison-camp--elevation--left.jpg,bison-camp--elevation--rear.jpg,bison-camp--elevation--right.jpg,bison-camp--floor-plan--main.jpg,bison-camp--floor-plan--upper.jpg,,bison-camp--poster.jpg
Black Cat Cabin,3,3,0,900,425,900,506,0,0,2225,2731,multi_level,black-cat-cabin--render--front.jpg,black-cat-cabin--elevation--front.jpg,black-cat-cabin--elevation--left.jpg,black-cat-cabin--elevation--rear.jpg,black-cat-cabin--elevation--right.jpg,black-cat-cabin--floor-plan--main.jpg,black-cat-cabin--floor-plan--upper.jpg,black-cat-cabin--floor-plan--lower.jpg,black-cat-cabin--poster.jpg
Black Fox Farm,3,2,1,1246,631,0,474,576,0,1877,2927,multi_level,black-fox-farm--render--front.jpg,black-fox-farm--elevation--front.jpg,black-fox-farm--elevation--left.jpg,black-fox-farm--elevation--rear.jpg,black-fox-farm--elevation--right.jpg,black-fox-farm--floor-plan--main.jpg,black-fox-farm--floor-plan--upper.jpg,,black-fox-farm--poster.jpg
Black Hawk Lodge,3,3,1,2280,1107,0,265,0,0,3387,3652,multi_level,black-hawk-lodge--render--front.jpg,black-hawk-lodge--elevation--front.jpg,black-hawk-lodge--elevation--left.jpg,black-hawk-lodge--elevation--rear.jpg,black-hawk-lodge--elevation--right.jpg,black-hawk-lodge--floor-plan--main.jpg,black-hawk-lodge--floor-plan--upper.jpg,,black-hawk-lodge--poster.jpg
Black Water Retreat,4,3,0,1400,0,1205,728,0,0,2605,3333,multi_level,black-water-retreat--render--front.jpg,black-water-retreat--elevation--front.jpg,black-water-retreat--elevation--left.jpg,black-water-retreat--elevation--rear.jpg,black-water-retreat--elevation--right.jpg,black-water-retreat--floor-plan--main.jpg,,black-water-retreat--floor-plan--lower.jpg,black-water-retreat--poster.jpg
Blue Rock Retreat,3,3,2,1795,0,859,908,732,0,2654,4294,multi_level,blue-rock-retreat--render--front.jpg,blue-rock-retreat--elevation--front.jpg,blue-rock-retreat--elevation--left.jpg,blue-rock-retreat--elevation--rear.jpg,blue-rock-retreat--elevation--right.jpg,blue-rock-retreat--floor-plan--main.jpg,,blue-rock-retreat--floor-plan--lower.jpg,blue-rock-retreat--poster.jpg
Boulder Mountain Lodge,4,3,0,2017,1062,0,770,601,0,3079,4450,multi_level,boulder-mountain-lodge--render--front.jpg,boulder-mountain-lodge--elevation--front.jpg,boulder-mountain-lodge--elevation--left.jpg,boulder-mountain-lodge--elevation--rear.jpg,boulder-mountain-lodge--elevation--right.jpg,boulder-mountain-lodge--floor-plan--main.jpg,boulder-mountain-lodge--floor-plan--upper.jpg,boulder-mountain-lodge--floor-plan--lower.jpg,boulder-mountain-lodge--poster.jpg
Brewski Camp,3,3,1,1541,0,1073,835,620,0,2614,4069,single_level,brewski-camp--render--front.jpg,brewski-camp--elevation--front.jpg,brewski-camp--elevation--left.jpg,brewski-camp--elevation--rear.jpg,brewski-camp--elevation--right.jpg,brewski-camp--floor-plan--main.jpg,,brewski-camp--floor-plan--lower.jpg,brewski-camp--poster.jpg
Brier Patch,2,2,1,1808,0,0,1040,0,0,1808,2848,single_level,brier-patch--render--front.jpg,brier-patch--elevation--front.jpg,brier-patch--elevation--left.jpg,brier-patch--elevation--rear.jpg,brier-patch--elevation--right.jpg,brier-patch--floor-plan--main.jpg,,,brier-patch--poster.jpg
Broken Moon Lodge,3,2,1,1454,875,0,923,0,0,2329,3252,multi_level,broken-moon-lodge--render--front.jpg,broken-moon-lodge--elevation--front.jpg,broken-moon-lodge--elevation--left.jpg,broken-moon-lodge--elevation--rear.jpg,broken-moon-lodge--elevation--right.jpg,broken-moon-lodge--floor-plan--main.jpg,broken-moon-lodge--floor-plan--upper.jpg,broken-moon-lodge--floor-plan--lower.jpg,broken-moon-lodge--poster.jpg
Bronco Lodge,3,2,1,1570,953,1570,714,0,0,4093,4807,multi_level,bronco-lodge--render--front.jpg,bronco-lodge--elevation--front.jpg,bronco-lodge--elevation--left.jpg,bronco-lodge--elevation--rear.jpg,bronco-lodge--elevation--right.jpg,bronco-lodge--floor-plan--main.jpg,bronco-lodge--floor-plan--upper.jpg,bronco-lodge--floor-plan--lower.jpg,bronco-lodge--poster.jpg
Brookside,3,2,0,820,760,0,280,0,0,1580,1860,multi_level,brookside--render--front.jpg,brookside--elevation--front.jpg,brookside--elevation--left.jpg,brookside--elevation--rear.jpg,brookside--elevation--right.jpg,brookside--floor-plan--main.jpg,brookside--floor-plan--upper.jpg,,brookside--poster.jpg
Buck Ridge Cabin,3,2,1,1178,848,0,1364,0,0,2026,3390,multi_level,buck-ridge-cabin--render--front.jpg,buck-ridge-cabin--elevation--front.jpg,buck-ridge-cabin--elevation--left.jpg,buck-ridge-cabin--elevation--rear.jpg,buck-ridge-cabin--elevation--right.jpg,buck-ridge-cabin--floor-plan--main.jpg,buck-ridge-cabin--floor-plan--upper.jpg,,buck-ridge-cabin--poster.jpg
Buffalo Lodge,4,3,1,1703,1070,0,1390,540,756,3529,5459,multi_level,buffalo-lodge--render--front.jpg,buffalo-lodge--elevation--front.jpg,buffalo-lodge--elevation--left.jpg,buffalo-lodge--elevation--rear.jpg,buffalo-lodge--elevation--right.jpg,buffalo-lodge--floor-plan--main.jpg,buffalo-lodge--floor-plan--upper.jpg,buffalo-lodge--floor-plan--lower.jpg,buffalo-lodge--poster.jpg
Bunk House,3,3,1,1257,834,1425,1017,0,0,3516,4533,multi_level,bunk-house--render--front.jpg,bunk-house--elevation--front.jpg,bunk-house--elevation--left.jpg,bunk-house--elevation--rear.jpg,bunk-house--elevation--right.jpg,bunk-house--floor-plan--main.jpg,bunk-house--floor-plan--upper.jpg,bunk-house--floor-plan--lower.jpg,bunk-house--poster.jpg
Buster Brown Cabin,3,3,0,1008,661,1008,678,0,0,2677,3355,multi_level,buster-brown-cabin--render--front.jpg,buster-brown-cabin--elevation--front.jpg,buster-brown-cabin--elevation--left.jpg,buster-brown-cabin--elevation--rear.jpg,buster-brown-cabin--elevation--right.jpg,buster-brown-cabin--floor-plan--main.jpg,buster-brown-cabin--floor-plan--upper.jpg,buster-brown-cabin--floor-plan--lower.jpg,buster-brown-cabin--poster.jpg
Butter Bean,2,1,0,797,375,0,495,0,0,1172,1667,multi_level,butter-bean--render--front.jpg,butter-bean--elevation--front.jpg,butter-bean--elevation--left.jpg,butter-bean--elevation--rear.jpg,butter-bean--elevation--right.jpg,butter-bean--floor-plan--main.jpg,butter-bean--floor-plan--upper.jpg,,butter-bean--poster.jpg
Camelia Cottage,3,2,1,1398,764,0,752,560,0,2162,3474,multi_level,camelia-cottage--render--front.jpg,camelia-cottage--elevation--front.jpg,camelia-cottage--elevation--left.jpg,camelia-cottage--elevation--rear.jpg,camelia-cottage--elevation--right.jpg,camelia-cottage--floor-plan--main.jpg,camelia-cottage--floor-plan--upper.jpg,,camelia-cottage--poster.jpg
Cameron Retreat,4,3,1,1660,1048,1660,420,816,0,4368,5604,multi_level,cameron-retreat--render--front.jpg,cameron-retreat--elevation--front.jpg,cameron-retreat--elevation--left.jpg,cameron-retreat--elevation--rear.jpg,cameron-retreat--elevation--right.jpg,cameron-retreat--floor-plan--main.jpg,cameron-retreat--floor-plan--upper.jpg,cameron-retreat--floor-plan--lower.jpg,cameron-retreat--poster.jpg
Camp Lake Cottage,3,2,1,1250,632,0,515,0,0,1882,2397,multi_level,camp-lake-cottage--render--front.jpg,camp-lake-cottage--elevation--front.jpg,camp-lake-cottage--elevation--left.jpg,camp-lake-cottage--elevation--rear.jpg,camp-lake-cottage--elevation--right.jpg,camp-lake-cottage--floor-plan--main.jpg,camp-lake-cottage--floor-plan--upper.jpg,,camp-lake-cottage--poster.jpg
Camping Cabin,2,1,0,616,175,0,80,0,0,791,871,multi_level,camping-cabin--render--front.jpg,camping-cabin--elevation--front.jpg,camping-cabin--elevation--left.jpg,camping-cabin--elevation--rear.jpg,camping-cabin--elevation--right.jpg,camping-cabin--floor-plan--main.jpg,camping-cabin--floor-plan--upper.jpg,,camping-cabin--poster.jpg
Cane Pole Camp,2,2,0,833,390,0,553,0,0,1223,1776,multi_level,cane-pole-camp--render--front.jpg,cane-pole-camp--elevation--front.jpg,cane-pole-camp--elevation--left.jpg,cane-pole-camp--elevation--rear.jpg,cane-pole-camp--elevation--right.jpg,cane-pole-camp--floor-plan--main.jpg,cane-pole-camp--floor-plan--upper.jpg,,cane-pole-camp--poster.jpg
Canyon Creek Cabin,4,3,0,1246,814,1225,799,0,0,3285,4084,multi_level,canyon-creek-cabin--render--front.jpg,canyon-creek-cabin--elevation--front.jpg,canyon-creek-cabin--elevation--left.jpg,canyon-creek-cabin--elevation--rear.jpg,canyon-creek-cabin--elevation--right.jpg,canyon-creek-cabin--floor-plan--main.jpg,canyon-creek-cabin--floor-plan--upper.jpg,canyon-creek-cabin--floor-plan--lower.jpg,canyon-creek-cabin--poster.jpg
Caribou Camp,3,3,0,1947,502,0,638,0,0,2449,3087,multi_level,caribou-camp--render--front.jpg,caribou-camp--elevation--front.jpg,caribou-camp--elevation--left.jpg,caribou-camp--elevation--rear.jpg,caribou-camp--elevation--right.jpg,caribou-camp--floor-plan--main.jpg,caribou-camp--floor-plan--upper.jpg,,caribou-camp--poster.jpg
Carriage House 1,1,1,0,1008,501,1008,0,0,0,2517,2517,multi_level,carriage-house-1--render--front.jpg,carriage-house-1--elevation--front.jpg,carriage-house-1--elevation--left.jpg,carriage-house-1--elevation--rear.jpg,carriage-house-1--elevation--right.jpg,carriage-house-1--floor-plan--main.jpg,carriage-house-1--floor-plan--upper.jpg,carriage-house-1--floor-plan--lower.jpg,carriage-house-1--poster.jpg
Catch Pen Cabin,3,2,1,1320,676,0,1192,480,0,1996,3668,multi_level,catch-pen-cabin--render--front.jpg,catch-pen-cabin--elevation--front.jpg,catch-pen-cabin--elevation--left.jpg,catch-pen-cabin--elevation--rear.jpg,catch-pen-cabin--elevation--right.jpg,catch-pen-cabin--floor-plan--main.jpg,catch-pen-cabin--floor-plan--upper.jpg,,catch-pen-cabin--poster.jpg
Catfish Cabin,2,2,1,780,348,0,226,0,0,1128,1354,multi_level,catfish-cabin--render--front.jpg,catfish-cabin--elevation--front.jpg,catfish-cabin--elevation--left.jpg,catfish-cabin--elevation--rear.jpg,catfish-cabin--elevation--right.jpg,catfish-cabin--floor-plan--main.jpg,catfish-cabin--floor-plan--upper.jpg,,catfish-cabin--poster.jpg
Chapparal 4,2,2,1,1427,0,1276,797,624,0,2703,4124,multi_level,chapparal-4--render--front.jpg,chapparal-4--elevation--front.jpg,chapparal-4--elevation--left.jpg,chapparal-4--elevation--rear.jpg,chapparal-4--elevation--right.jpg,chapparal-4--floor-plan--main.jpg,chapparal-4--floor-plan--upper.jpg,,chapparal-4--poster.jpg
Chickadee Retreat,2,1,0,946,0,0,440,0,0,946,1386,single_level,chickadee-retreat-sundance-a--render--front.jpg,chickadee-retreat-sundance-a--elevation--front.jpg,chickadee-retreat-sundance-a--elevation--left.jpg,chickadee-retreat-sundance-a--elevation--rear.jpg,chickadee-retreat-sundance-a--elevation--right.jpg,chickadee-retreat-sundance-a--floor-plan--main.jpg,,,chickadee-retreat-sundance-a--poster.jpg
Chimney Top Camp,3,2,1,1393,398,0,602,0,0,1791,2393,multi_level,chimney-top-camp--render--front.jpg,chimney-top-camp--elevation--front.jpg,chimney-top-camp--elevation--left.jpg,chimney-top-camp--elevation--rear.jpg,chimney-top-camp--elevation--right.jpg,chimney-top-camp--floor-plan--main.jpg,chimney-top-camp--floor-plan--upper.jpg,,chimney-top-camp--poster.jpg
Cider Lane Lodge,3,4,1,2200,0,747,1497,936,936,3883,6316,multi_level,cider-lane-lodge--render--front.jpg,cider-lane-lodge--elevation--front.jpg,cider-lane-lodge--elevation--left.jpg,cider-lane-lodge--elevation--rear.jpg,cider-lane-lodge--elevation--right.jpg,cider-lane-lodge--floor-plan--main.jpg,cider-lane-lodge--floor-plan--upper.jpg,cider-lane-lodge--floor-plan--lower.jpg,cider-lane-lodge--poster.jpg
Citico Creek Cottage A,3,2,1,1405,899,0,958,0,0,2304,3262,multi_level,citico-creek-cottage-a--render--front.jpg,citico-creek-cottage-a--elevation--front.jpg,citico-creek-cottage-a--elevation--left.jpg,citico-creek-cottage-a--elevation--rear.jpg,citico-creek-cottage-a--elevation--right.jpg,citico-creek-cottage-a--floor-plan--main.jpg,citico-creek-cottage-a--floor-plan--upper.jpg,,citico-creek-cottage-a--poster.jpg
Citico Creek Cottage B,3,3,1,1405,899,0,958,0,0,2304,3262,multi_level,citico-creek-cottage-b--render--front.jpg,citico-creek-cottage-b--elevation--front.jpg,citico-creek-cottage-b--elevation--left.jpg,citico-creek-cottage-b--elevation--rear.jpg,citico-creek-cottage-b--elevation--right.jpg,citico-creek-cottage-b--floor-plan--main.jpg,citico-creek-cottage-b--floor-plan--upper.jpg,,citico-creek-cottage-b--poster.jpg
Coffee Cup,3,2,1,1064,588,1064,581,0,0,2716,3297,multi_level,coffee-cup--render--front.jpg,coffee-cup--elevation--front.jpg,coffee-cup--elevation--left.jpg,coffee-cup--elevation--rear.jpg,coffee-cup--elevation--right.jpg,coffee-cup--floor-plan--main.jpg,coffee-cup--floor-plan--upper.jpg,coffee-cup--floor-plan--lower.jpg,coffee-cup--poster.jpg
Conwell Camp,2,2,1,1223,805,0,1211,0,0,2028,3239,multi_level,conwell-camp--render--front.jpg,conwell-camp--elevation--front.jpg,conwell-camp--elevation--left.jpg,conwell-camp--elevation--rear.jpg,conwell-camp--elevation--right.jpg,conwell-camp--floor-plan--main.jpg,conwell-camp--floor-plan--upper.jpg,,conwell-camp--poster.jpg
Copperhead Camp,2,2,1,996,392,0,352,0,0,1388,1740,multi_level,copperhead-camp--render--front.jpg,copperhead-camp--elevation--front.jpg,copperhead-camp--elevation--left.jpg,copperhead-camp--elevation--rear.jpg,copperhead-camp--elevation--right.jpg,copperhead-camp--floor-plan--main.jpg,copperhead-camp--floor-plan--upper.jpg,,copperhead-camp--poster.jpg
Cornerstone Lodge,3,3,1,2505,2181,0,1427,1096,0,4686,7209,multi_level,cornerstone-lodge--render--front.jpg,cornerstone-lodge--elevation--front.jpg,cornerstone-lodge--elevation--left.jpg,cornerstone-lodge--elevation--rear.jpg,cornerstone-lodge--elevation--right.jpg,cornerstone-lodge--floor-plan--main.jpg,cornerstone-lodge--floor-plan--upper.jpg,,cornerstone-lodge--poster.jpg
Cottonwood Camp,4,3,0,1601,0,1180,563,632,0,2781,3976,multi_level,cottonwood-camp--render--front.jpg,cottonwood-camp--elevation--front.jpg,cottonwood-camp--elevation--left.jpg,cottonwood-camp--elevation--rear.jpg,cottonwood-camp--elevation--right.jpg,cottonwood-camp--floor-plan--main.jpg,cottonwood-camp--floor-plan--upper.jpg,cottonwood-camp--floor-plan--lower.jpg,cottonwood-camp--poster.jpg
Cousin Vinny,3,2,1,1969,0,0,988,768,0,1969,3725,single_level,cousin-vinny--render--front.jpg,cousin-vinny--elevation--front.jpg,cousin-vinny--elevation--left.jpg,cousin-vinny--elevation--rear.jpg,cousin-vinny--elevation--right.jpg,cousin-vinny--floor-plan--main.jpg,,,cousin-vinny--poster.jpg
Cowpoke Camp,3,2,0,1482,0,0,738,0,0,1482,2220,single_level,cowpoke-camp--render--front.jpg,cowpoke-camp--elevation--front.jpg,cowpoke-camp--elevation--left.jpg,cowpoke-camp--elevation--rear.jpg,cowpoke-camp--elevation--right.jpg,cowpoke-camp--floor-plan--main.jpg,,,cowpoke-camp--poster.jpg
Cowpoke Camp B,2,2,0,1482,0,0,738,0,0,1482,2220,single_level,cowpoke-camp-b--render--front.jpg,cowpoke-camp-b--elevation--front.jpg,cowpoke-camp-b--elevation--left.jpg,cowpoke-camp-b--elevation--rear.jpg,cowpoke-camp-b--elevation--right.jpg,cowpoke-camp-b--floor-plan--main.jpg,,,cowpoke-camp-b--poster.jpg
Cowpoke Camp C,2,2,0,1482,0,0,1154,0,0,1482,2636,single_level,cowpoke-camp-c--render--front.jpg,cowpoke-camp-c--elevation--front.jpg,cowpoke-camp-c--elevation--left.jpg,cowpoke-camp-c--elevation--rear.jpg,cowpoke-camp-c--elevation--right.jpg,cowpoke-camp-c--floor-plan--main.jpg,,,cowpoke-camp-c--poster.jpg
Cowpoke Camp D,2,2,0,1482,0,1482,738,0,0,2964,3702,single_level,cowpoke-camp-d--render--front.jpg,cowpoke-camp-d--elevation--front.jpg,cowpoke-camp-d--elevation--left.jpg,cowpoke-camp-d--elevation--rear.jpg,cowpoke-camp-d--elevation--right.jpg,cowpoke-camp-d--floor-plan--main.jpg,,cowpoke-camp-d--floor-plan--lower.jpg,cowpoke-camp-d--poster.jpg
Cozy Cat,1,1,1,651,0,0,112,0,0,651,763,single_level,cozy-cat--render--front.jpg,cozy-cat--elevation--front.jpg,cozy-cat--elevation--left.jpg,cozy-cat--elevation--rear.jpg,cozy-cat--elevation--right.jpg,cozy-cat--floor-plan--main.jpg,,,cozy-cat--poster.jpg
Crazy Colt Camp,2,2,1,1439,840,0,445,874,0,2279,3598,multi_level,crazy-colt-camp--render--front.jpg,crazy-colt-camp--elevation--front.jpg,crazy-colt-camp--elevation--left.jpg,crazy-colt-camp--elevation--rear.jpg,crazy-colt-camp--elevation--right.jpg,crazy-colt-camp--floor-plan--main.jpg,crazy-colt-camp--floor-plan--upper.jpg,,crazy-colt-camp--poster.jpg
Crestview,2,2,0,924,470,0,60,0,0,1394,1454,multi_level,crestview--render--front.jpg,crestview--elevation--front.jpg,crestview--elevation--left.jpg,crestview--elevation--rear.jpg,crestview--elevation--right.jpg,crestview--floor-plan--main.jpg,crestview--floor-plan--upper.jpg,,crestview--poster.jpg
Crockett,2,2,0,822,578,0,231,0,0,1400,1631,multi_level,crockett--render--front.jpg,crockett--elevation--front.jpg,crockett--elevation--left.jpg,crockett--elevation--rear.jpg,crockett--elevation--right.jpg,crockett--floor-plan--main.jpg,crockett--floor-plan--upper.jpg,,crockett--poster.jpg
Crow Call Camp,3,2,1,1184,0,757,408,832,0,1941,3181,multi_level,crow-call-camp--render--front.jpg,crow-call-camp--elevation--front.jpg,crow-call-camp--elevation--left.jpg,crow-call-camp--elevation--rear.jpg,crow-call-camp--elevation--right.jpg,crow-call-camp--floor-plan--main.jpg,,crow-call-camp--floor-plan--lower.jpg,crow-call-camp--poster.jpg
Cubby Hole Camp,2,1,0,946,0,0,440,0,0,946,1386,single_level,cubby-hole-camp-sundance-original--render--front.jpg,cubby-hole-camp-sundance-original--elevation--front.jpg,cubby-hole-camp-sundance-original--elevation--left.jpg,cubby-hole-camp-sundance-original--elevation--rear.jpg,cubby-hole-camp-sundance-original--elevation--right.jpg,cubby-hole-camp-sundance-original--floor-plan--main.jpg,,,cubby-hole-camp-sundance-original--poster.jpg
Dirty Dancing Lodge,3,2,1,1817,856,0,330,529,529,3202,4061,multi_level,dirty-dancing-lodge--render--front.jpg,dirty-dancing-lodge--elevation--front.jpg,dirty-dancing-lodge--elevation--left.jpg,dirty-dancing-lodge--elevation--rear.jpg,dirty-dancing-lodge--elevation--right.jpg,dirty-dancing-lodge--floor-plan--main.jpg,dirty-dancing-lodge--floor-plan--upper.jpg,,dirty-dancing-lodge--poster.jpg
Dog Lake Camp,1,1,0,560,265,0,0,0,0,825,825,multi_level,dog-lake-camp--render--front.jpg,dog-lake-camp--elevation--front.jpg,dog-lake-camp--elevation--left.jpg,dog-lake-camp--elevation--rear.jpg,dog-lake-camp--elevation--right.jpg,dog-lake-camp--floor-plan--main.jpg,dog-lake-camp--floor-plan--upper.jpg,,dog-lake-camp--poster.jpg
Doodle Bug Farm,2,2,0,1172,0,0,546,0,0,1172,1718,single_level,doodle-bug-farm--render--front.jpg,doodle-bug-farm--elevation--front.jpg,doodle-bug-farm--elevation--left.jpg,doodle-bug-farm--elevation--rear.jpg,doodle-bug-farm--elevation--right.jpg,doodle-bug-farm--floor-plan--main.jpg,,,doodle-bug-farm--poster.jpg
Doodle Bug Retreat,2,2,0,1172,0,0,546,0,0,1172,1718,single_level,doodle-bug-retreat--render--front.jpg,doodle-bug-retreat--elevation--front.jpg,doodle-bug-retreat--elevation--left.jpg,doodle-bug-retreat--elevation--rear.jpg,doodle-bug-retreat--elevation--right.jpg,doodle-bug-retreat--floor-plan--main.jpg,,,doodle-bug-retreat--poster.jpg
Dover Creek Camp,2,2,0,584,396,0,234,0,0,980,1214,multi_level,dover-creek-camp--render--front.jpg,dover-creek-camp--elevation--front.jpg,dover-creek-camp--elevation--left.jpg,dover-creek-camp--elevation--rear.jpg,dover-creek-camp--elevation--right.jpg,dover-creek-camp--floor-plan--main.jpg,dover-creek-camp--floor-plan--upper.jpg,,dover-creek-camp--poster.jpg
Dry Branch Lodge,3,3,1,2160,0,1397,497,576,0,3557,4630,multi_level,dry-branch-lodge--render--front.jpg,dry-branch-lodge--elevation--front.jpg,dry-branch-lodge--elevation--left.jpg,dry-branch-lodge--elevation--rear.jpg,dry-branch-lodge--elevation--right.jpg,dry-branch-lodge--floor-plan--main.jpg,,dry-branch-lodge--floor-plan--lower.jpg,dry-branch-lodge--poster.jpg
Eagle Scout,3,2,1,1320,676,0,1192,437,0,1996,3625,multi_level,eagle-scout--render--front.jpg,eagle-scout--elevation--front.jpg,eagle-scout--elevation--left.jpg,eagle-scout--elevation--rear.jpg,eagle-scout--elevation--right.jpg,eagle-scout--floor-plan--main.jpg,eagle-scout--floor-plan--upper.jpg,,eagle-scout--poster.jpg
Eaglet Escape,2,2,0,576,347,0,304,0,0,923,1227,multi_level,eaglet-escape--render--front.jpg,eaglet-escape--elevation--front.jpg,eaglet-escape--elevation--left.jpg,eaglet-escape--elevation--rear.jpg,eaglet-escape--elevation--right.jpg,eaglet-escape--floor-plan--main.jpg,eaglet-escape--floor-plan--upper.jpg,,eaglet-escape--poster.jpg
Escape Cabin,2,3,1,1004,271,394,494,480,0,1669,2643,multi_level,escape-cabin--render--front.jpg,escape-cabin--elevation--front.jpg,escape-cabin--elevation--left.jpg,escape-cabin--elevation--rear.jpg,escape-cabin--elevation--right.jpg,escape-cabin--floor-plan--main.jpg,escape-cabin--floor-plan--upper.jpg,escape-cabin--floor-plan--lower.jpg,escape-cabin--poster.jpg
Fairfield,2,2,0,932,568,0,286,0,0,1500,1786,multi_level,fairfield--render--front.jpg,fairfield--elevation--front.jpg,fairfield--elevation--left.jpg,fairfield--elevation--rear.jpg,fairfield--elevation--right.jpg,fairfield--floor-plan--main.jpg,fairfield--floor-plan--upper.jpg,,fairfield--poster.jpg
Fall Breeze,3,2,1,2005,784,0,0,1176,0,2789,3965,multi_level,fall-breeze--render--front.jpg,fall-breeze--elevation--front.jpg,fall-breeze--elevation--left.jpg,fall-breeze--elevation--rear.jpg,fall-breeze--elevation--right.jpg,fall-breeze--floor-plan--main.jpg,fall-breeze--floor-plan--upper.jpg,,fall-breeze--poster.jpg
Farmhouse Retreat,2,2,0,1220,0,0,574,0,0,1220,1794,single_level,farmhouse-retreat--render--front.jpg,farmhouse-retreat--elevation--front.jpg,farmhouse-retreat--elevation--left.jpg,farmhouse-retreat--elevation--rear.jpg,farmhouse-retreat--elevation--right.jpg,farmhouse-retreat--floor-plan--main.jpg,,,farmhouse-retreat--poster.jpg
Firecracker Farm,3,3,0,1733,772,0,682,0,0,2505,3187,multi_level,firecracker-farm--render--front.jpg,firecracker-farm--elevation--front.jpg,firecracker-farm--elevation--left.jpg,firecracker-farm--elevation--rear.jpg,firecracker-farm--elevation--right.jpg,firecracker-farm--floor-plan--main.jpg,firecracker-farm--floor-plan--upper.jpg,,firecracker-farm--poster.jpg
Flint Rock Lodge,3,2,1,1039,584,0,836,756,0,1623,3215,multi_level,flint-rock-lodge--render--front.jpg,flint-rock-lodge--elevation--front.jpg,flint-rock-lodge--elevation--left.jpg,flint-rock-lodge--elevation--rear.jpg,flint-rock-lodge--elevation--right.jpg,flint-rock-lodge--floor-plan--main.jpg,flint-rock-lodge--floor-plan--upper.jpg,,flint-rock-lodge--poster.jpg
Foothills Camp,2,3,0,1009,0,793,529,180,0,1802,2511,multi_level,foothills-camp--render--front.jpg,foothills-camp--elevation--front.jpg,foothills-camp--elevation--left.jpg,foothills-camp--elevation--rear.jpg,foothills-camp--elevation--right.jpg,foothills-camp--floor-plan--main.jpg,,foothills-camp--floor-plan--lower.jpg,foothills-camp--poster.jpg
Gees Bend Lodge,5,4,2,1795,658,1795,464,0,0,4248,4712,multi_level,gees-bend-lodge--render--front.jpg,gees-bend-lodge--elevation--front.jpg,gees-bend-lodge--elevation--left.jpg,gees-bend-lodge--elevation--rear.jpg,gees-bend-lodge--elevation--right.jpg,gees-bend-lodge--floor-plan--main.jpg,gees-bend-lodge--floor-plan--upper.jpg,gees-bend-lodge--floor-plan--lower.jpg,gees-bend-lodge--poster.jpg
Getaway,2,2,0,1668,1176,0,801,0,0,2844,3645,multi_level,getaway--render--front.jpg,getaway--elevation--front.jpg,getaway--elevation--left.jpg,getaway--elevation--rear.jpg,getaway--elevation--right.jpg,getaway--floor-plan--main.jpg,getaway--floor-plan--upper.jpg,,getaway--poster.jpg
Green River Retreat,2,2,0,1517,364,0,1260,0,0,1881,3141,multi_level,green-river-retreat--render--front.jpg,green-river-retreat--elevation--front.jpg,green-river-retreat--elevation--left.jpg,green-river-retreat--elevation--rear.jpg,green-river-retreat--elevation--right.jpg,green-river-retreat--floor-plan--main.jpg,green-river-retreat--floor-plan--upper.jpg,,green-river-retreat--poster.jpg
Grey Goose Place,4,4,0,2512,804,0,505,462,0,3316,4283,multi_level,grey-goose-place--render--front.jpg,grey-goose-place--elevation--front.jpg,grey-goose-place--elevation--left.jpg,grey-goose-place--elevation--rear.jpg,grey-goose-place--elevation--right.jpg,grey-goose-place--floor-plan--main.jpg,grey-goose-place--floor-plan--upper.jpg,,grey-goose-place--poster.jpg
Haystack Hideaway,2,2,0,1325,629,0,533,720,0,1954,3207,multi_level,haystack-hideaway--render--front.jpg,haystack-hideaway--elevation--front.jpg,haystack-hideaway--elevation--left.jpg,haystack-hideaway--elevation--rear.jpg,haystack-hideaway--elevation--right.jpg,haystack-hideaway--floor-plan--main.jpg,haystack-hideaway--floor-plan--upper.jpg,,haystack-hideaway--poster.jpg
Hill Top Farm,3,3,1,1572,753,1572,1620,0,0,3897,5517,multi_level,hill-top-farm--render--front.jpg,hill-top-farm--elevation--front.jpg,hill-top-farm--elevation--left.jpg,hill-top-farm--elevation--rear.jpg,hill-top-farm--elevation--right.jpg,hill-top-farm--floor-plan--main.jpg,hill-top-farm--floor-plan--upper.jpg,hill-top-farm--floor-plan--lower.jpg,hill-top-farm--poster.jpg
Hill Top Tower,3,2,1,1720,693,0,573,0,0,2413,2986,multi_level,hill-top-tower--render--front.jpg,hill-top-tower--elevation--front.jpg,hill-top-tower--elevation--left.jpg,hill-top-tower--elevation--rear.jpg,hill-top-tower--elevation--right.jpg,hill-top-tower--floor-plan--main.jpg,hill-top-tower--floor-plan--upper.jpg,,hill-top-tower--poster.jpg
Hitching Post,2,2,1,2870,0,0,1238,0,0,2870,4108,single_level,hitching-post--render--front.jpg,hitching-post--elevation--front.jpg,hitching-post--elevation--left.jpg,hitching-post--elevation--rear.jpg,hitching-post--elevation--right.jpg,hitching-post--floor-plan--main.jpg,,,hitching-post--poster.jpg
Holiday Retreat,3,3,1,2445,0,0,608,812,0,2445,3865,single_level,holiday-retreat--render--front.jpg,holiday-retreat--elevation--front.jpg,holiday-retreat--elevation--left.jpg,holiday-retreat--elevation--rear.jpg,holiday-retreat--elevation--right.jpg,holiday-retreat--floor-plan--main.jpg,,,holiday-retreat--poster.jpg
Holly Berry,2,2,0,1076,944,0,480,0,0,2020,2500,multi_level,holly-berry--render--front.jpg,holly-berry--elevation--front.jpg,holly-berry--elevation--left.jpg,holly-berry--elevation--rear.jpg,holly-berry--elevation--right.jpg,holly-berry--floor-plan--main.jpg,holly-berry--floor-plan--upper.jpg,,holly-berry--poster.jpg
Honeysuckle Vine,2,2,1,1104,660,0,626,0,0,1764,2390,multi_level,honeysuckle-vine--render--front.jpg,honeysuckle-vine--elevation--front.jpg,honeysuckle-vine--elevation--left.jpg,honeysuckle-vine--elevation--rear.jpg,honeysuckle-vine--elevation--right.jpg,honeysuckle-vine--floor-plan--main.jpg,honeysuckle-vine--floor-plan--upper.jpg,,honeysuckle-vine--poster.jpg
Hornet Hollow Camp,3,2,1,1934,1240,0,1070,576,0,3174,4820,multi_level,hornet-hollow-camp--render--front.jpg,hornet-hollow-camp--elevation--front.jpg,hornet-hollow-camp--elevation--left.jpg,hornet-hollow-camp--elevation--rear.jpg,hornet-hollow-camp--elevation--right.jpg,hornet-hollow-camp--floor-plan--main.jpg,hornet-hollow-camp--floor-plan--upper.jpg,,hornet-hollow-camp--poster.jpg
Huckleberry Farm,3,3,1,2384,393,1856,2124,310,0,4633,7067,multi_level,huckleberry-farm--render--front.jpg,huckleberry-farm--elevation--front.jpg,huckleberry-farm--elevation--left.jpg,huckleberry-farm--elevation--rear.jpg,huckleberry-farm--elevation--right.jpg,huckleberry-farm--floor-plan--main.jpg,huckleberry-farm--floor-plan--upper.jpg,huckleberry-farm--floor-plan--lower.jpg,huckleberry-farm--poster.jpg
Huff and Puff Retreat,3,2,1,1266,836,0,917,0,0,2102,3019,multi_level,huff-and-puff-retreat--render--front.jpg,huff-and-puff-retreat--elevation--front.jpg,,,,huff-and-puff-retreat--floor-plan--main.jpg,huff-and-puff-retreat--floor-plan--upper.jpg,,huff-and-puff-retreat--poster.jpg
Ivy Trail Lodge,5,5,1,3228,1394,2973,1573,694,0,7595,9862,multi_level,ivy-trail-lodge--render--front.jpg,,,,,ivy-trail-lodge--floor-plan--main.jpg,ivy-trail-lodge--floor-plan--upper.jpg,ivy-trail-lodge--floor-plan--lower.jpg,ivy-trail-lodge--poster.jpg
Joshua Creek Camp,4,3,1,1419,859,0,1065,0,0,2278,3343,multi_level,joshua-creek-camp--render--front.jpg,joshua-creek-camp--elevation--front.jpg,joshua-creek-camp--elevation--left.jpg,joshua-creek-camp--elevation--rear.jpg,joshua-creek-camp--elevation--right.jpg,joshua-creek-camp--floor-plan--main.jpg,joshua-creek-camp--floor-plan--upper.jpg,,joshua-creek-camp--poster.jpg
Journeys Inn,3,2,0,882,387,0,292,0,0,1269,1561,multi_level,journeys-inn--render--front.jpg,journeys-inn--elevation--front.jpg,journeys-inn--elevation--left.jpg,journeys-inn--elevation--rear.jpg,journeys-inn--elevation--right.jpg,journeys-inn--floor-plan--main.jpg,journeys-inn--floor-plan--upper.jpg,,journeys-inn--poster.jpg
Junior Boy Cabin,2,1,1,1115,0,0,258,0,0,1115,1373,single_level,junior-boy-cabin--render--front.jpg,junior-boy-cabin--elevation--front.jpg,junior-boy-cabin--elevation--left.jpg,junior-boy-cabin--elevation--rear.jpg,junior-boy-cabin--elevation--right.jpg,junior-boy-cabin--floor-plan--main.jpg,,,junior-boy-cabin--poster.jpg
Kings Ridge,3,3,1,2799,0,0,1103,612,0,2799,4514,single_level,kings-ridge--render--front.jpg,kings-ridge--elevation--front.jpg,kings-ridge--elevation--left.jpg,kings-ridge--elevation--rear.jpg,kings-ridge--elevation--right.jpg,kings-ridge--floor-plan--main.jpg,,,kings-ridge--poster.jpg
Labrador Ranch,3,3,1,3606,952,0,1798,939,0,4558,7295,multi_level,labrador-ranch--render--front.jpg,labrador-ranch--elevation--front.jpg,labrador-ranch--elevation--left.jpg,labrador-ranch--elevation--rear.jpg,labrador-ranch--elevation--right.jpg,labrador-ranch--floor-plan--main.jpg,labrador-ranch--floor-plan--upper.jpg,,labrador-ranch--poster.jpg
LaClair,3,2,1,1241,742,0,624,0,0,1983,2607,multi_level,laclair--render--front.jpg,laclair--elevation--front.jpg,laclair--elevation--left.jpg,laclair--elevation--rear.jpg,laclair--elevation--right.jpg,laclair--floor-plan--main.jpg,laclair--floor-plan--upper.jpg,,laclair--poster.jpg
Lakeview,1,2,0,1108,564,0,584,0,0,1672,2256,multi_level,lakeview--render--front.jpg,lakeview--elevation--front.jpg,lakeview--elevation--left.jpg,lakeview--elevation--rear.jpg,lakeview--elevation--right.jpg,lakeview--floor-plan--main.jpg,lakeview--floor-plan--upper.jpg,,lakeview--poster.jpg
Lantern Light Lodge,3,2,1,2869,776,0,612,711,0,3645,4968,multi_level,lantern-light-lodge--render--front.jpg,lantern-light-lodge--elevation--front.jpg,lantern-light-lodge--elevation--left.jpg,lantern-light-lodge--elevation--rear.jpg,lantern-light-lodge--elevation--right.jpg,lantern-light-lodge--floor-plan--main.jpg,lantern-light-lodge--floor-plan--upper.jpg,,lantern-light-lodge--poster.jpg
Lantern Light Lodge B,3,2,0,2801,0,0,612,711,0,2801,4124,multi_level,lantern-light-lodge-b--render--front.jpg,lantern-light-lodge-b--elevation--front.jpg,lantern-light-lodge-b--elevation--left.jpg,lantern-light-lodge-b--elevation--rear.jpg,lantern-light-lodge-b--elevation--right.jpg,lantern-light-lodge-b--floor-plan--main.jpg,,,lantern-light-lodge-b--poster.jpg
Last Stop Lodge,2,3,0,1120,632,382,496,0,0,2134,2630,multi_level,last-stop-lodge--render--front.jpg,last-stop-lodge--elevation--front.jpg,last-stop-lodge--elevation--left.jpg,last-stop-lodge--elevation--rear.jpg,last-stop-lodge--elevation--right.jpg,last-stop-lodge--floor-plan--main.jpg,last-stop-lodge--floor-plan--upper.jpg,last-stop-lodge--floor-plan--lower.jpg,last-stop-lodge--poster.jpg
Liberty Lodge,3,2,1,3342,0,0,1239,1034,0,3342,5615,single_level,liberty-lodge--render--front.jpg,,,,,liberty-lodge--floor-plan--main.jpg,,,liberty-lodge--poster.jpg
Linville Mountain Cottage,3,2,1,1334,687,0,999,0,0,2021,3020,multi_level,linville-mountain-cottage--render--front.jpg,linville-mountain-cottage--elevation--front.jpg,linville-mountain-cottage--elevation--left.jpg,linville-mountain-cottage--elevation--rear.jpg,linville-mountain-cottage--elevation--right.jpg,linville-mountain-cottage--floor-plan--main.jpg,linville-mountain-cottage--floor-plan--upper.jpg,,linville-mountain-cottage--poster.jpg
Linville Ridge Lodge,4,3,1,1860,860,0,1357,0,0,2720,4077,multi_level,linville-ridge-lodge--render--front.jpg,linville-ridge-lodge--elevation--front.jpg,linville-ridge-lodge--elevation--left.jpg,linville-ridge-lodge--elevation--rear.jpg,linville-ridge-lodge--elevation--right.jpg,linville-ridge-lodge--floor-plan--main.jpg,linville-ridge-lodge--floor-plan--upper.jpg,,linville-ridge-lodge--poster.jpg
Little Barlow,1,1,0,543,250,0,124,0,0,793,917,multi_level,little-barlow--render--front.jpg,little-barlow--elevation--front.jpg,little-barlow--elevation--left.jpg,little-barlow--elevation--rear.jpg,little-barlow--elevation--right.jpg,little-barlow--floor-plan--main.jpg,little-barlow--floor-plan--upper.jpg,,little-barlow--poster.jpg
Little Bear 2,5,4,1,1764,1239,1222,448,834,0,4225,5507,multi_level,little-bear-2--render--front.jpg,little-bear-2--elevation--front.jpg,little-bear-2--elevation--left.jpg,little-bear-2--elevation--rear.jpg,little-bear-2--elevation--right.jpg,little-bear-2--floor-plan--main.jpg,little-bear-2--floor-plan--upper.jpg,little-bear-2--floor-plan--lower.jpg,little-bear-2--poster.jpg
Little Cricket Cabin,2,2,0,1299,418,0,551,0,0,1717,2268,multi_level,little-cricket-cabin--render--front.jpg,little-cricket-cabin--elevation--front.jpg,little-cricket-cabin--elevation--left.jpg,little-cricket-cabin--elevation--rear.jpg,little-cricket-cabin--elevation--right.jpg,little-cricket-cabin--floor-plan--main.jpg,little-cricket-cabin--floor-plan--upper.jpg,,little-cricket-cabin--poster.jpg
Little Geneva Camp,3,3,1,1183,670,1159,573,0,0,3012,3585,multi_level,little-geneva-camp--render--front.jpg,little-geneva-camp--elevation--front.jpg,little-geneva-camp--elevation--left.jpg,little-geneva-camp--elevation--rear.jpg,little-geneva-camp--elevation--right.jpg,little-geneva-camp--floor-plan--main.jpg,little-geneva-camp--floor-plan--upper.jpg,little-geneva-camp--floor-plan--lower.jpg,little-geneva-camp--poster.jpg
Little John Lodge,4,4,1,2108,2108,1145,1223,916,0,5361,7500,multi_level,little-john-lodge--render--front.jpg,little-john-lodge--elevation--front.jpg,little-john-lodge--elevation--left.jpg,little-john-lodge--elevation--rear.jpg,little-john-lodge--elevation--right.jpg,little-john-lodge--floor-plan--main.jpg,little-john-lodge--floor-plan--upper.jpg,little-john-lodge--floor-plan--lower.jpg,little-john-lodge--poster.jpg
Live Oak Lodge,5,4,2,1873,755,1839,489,988,914,5381,6858,multi_level,live-oak-lodge--render--front.jpg,live-oak-lodge--elevation--front.jpg,live-oak-lodge--elevation--left.jpg,live-oak-lodge--elevation--rear.jpg,live-oak-lodge--elevation--right.jpg,live-oak-lodge--floor-plan--main.jpg,live-oak-lodge--floor-plan--upper.jpg,live-oak-lodge--floor-plan--lower.jpg,live-oak-lodge--poster.jpg
Loblolly Lodge,2,2,1,1540,984,1540,1304,0,1352,5416,6720,multi_level,loblolly-lodge--render--front.jpg,loblolly-lodge--elevation--front.jpg,loblolly-lodge--elevation--left.jpg,loblolly-lodge--elevation--rear.jpg,loblolly-lodge--elevation--right.jpg,loblolly-lodge--floor-plan--main.jpg,loblolly-lodge--floor-plan--upper.jpg,loblolly-lodge--floor-plan--lower.jpg,loblolly-lodge--poster.jpg
Long Branch Tower,3,2,1,2476,403,0,1108,728,0,2879,4715,multi_level,long-branch-tower--render--front.jpg,long-branch-tower--elevation--front.jpg,long-branch-tower--elevation--left.jpg,long-branch-tower--elevation--rear.jpg,long-branch-tower--elevation--right.jpg,long-branch-tower--floor-plan--main.jpg,long-branch-tower--floor-plan--upper.jpg,,long-branch-tower--poster.jpg
Longbow Lodge,2,4,0,2243,0,1532,809,650,0,3775,5234,multi_level,longbow-lodge--render--front.jpg,longbow-lodge--elevation--front.jpg,longbow-lodge--elevation--left.jpg,longbow-lodge--elevation--rear.jpg,longbow-lodge--elevation--right.jpg,longbow-lodge--floor-plan--main.jpg,,longbow-lodge--floor-plan--lower.jpg,longbow-lodge--poster.jpg
Lost Creek Farm A,2,3,0,1478,367,0,598,0,0,1845,2443,multi_level,lost-creek-farm-a--render--front.jpg,,,,,,lost-creek-farm-a--floor-plan--upper.jpg,,lost-creek-farm-a--poster.jpg
Lost Creek Farm B,3,3,0,1478,643,0,598,0,0,2121,2719,multi_level,lost-creek-farm-b--render--front.jpg,lost-creek-farm-b--elevation--front.jpg,lost-creek-farm-b--elevation--left.jpg,lost-creek-farm-b--elevation--rear.jpg,lost-creek-farm-b--elevation--right.jpg,lost-creek-farm-b--floor-plan--main.jpg,lost-creek-farm-b--floor-plan--upper.jpg,,lost-creek-farm-b--poster.jpg
Lost Lake Lodge,3,3,1,2304,1668,163,2413,1088,0,4135,7636,multi_level,lost-lake-lodge--render--front.jpg,lost-lake-lodge--elevation--front.jpg,lost-lake-lodge--elevation--left.jpg,lost-lake-lodge--elevation--rear.jpg,lost-lake-lodge--elevation--right.jpg,lost-lake-lodge--floor-plan--main.jpg,lost-lake-lodge--floor-plan--upper.jpg,,lost-lake-lodge--poster.jpg
Lovers Lane Lodge,4,2,1,2245,1364,1525,775,0,0,5134,5909,multi_level,lovers-lane-lodge--render--front.jpg,lovers-lane-lodge--elevation--front.jpg,lovers-lane-lodge--elevation--left.jpg,lovers-lane-lodge--elevation--rear.jpg,lovers-lane-lodge--elevation--right.jpg,lovers-lane-lodge--floor-plan--main.jpg,lovers-lane-lodge--floor-plan--upper.jpg,lovers-lane-lodge--floor-plan--lower.jpg,lovers-lane-lodge--poster.jpg
Lucky Lady Lodge,5,3,1,2542,1687,0,2256,0,0,4229,6485,multi_level,lucky-lady-lodge--render--front.jpg,lucky-lady-lodge--elevation--front.jpg,lucky-lady-lodge--elevation--left.jpg,lucky-lady-lodge--elevation--rear.jpg,lucky-lady-lodge--elevation--right.jpg,lucky-lady-lodge--floor-plan--main.jpg,lucky-lady-lodge--floor-plan--upper.jpg,,lucky-lady-lodge--poster.jpg
Lucky Man Lodge,3,2,1,1530,1073,946,987,0,0,3549,4536,multi_level,lucky-man-lodge--render--front.jpg,lucky-man-lodge--elevation--front.jpg,lucky-man-lodge--elevation--left.jpg,lucky-man-lodge--elevation--rear.jpg,lucky-man-lodge--elevation--right.jpg,lucky-man-lodge--floor-plan--main.jpg,lucky-man-lodge--floor-plan--upper.jpg,lucky-man-lodge--floor-plan--lower.jpg,lucky-man-lodge--poster.jpg
Magnolia Lodge,3,3,1,1384,709,0,791,0,0,2093,2884,multi_level,magnolia-lodge--render--front.jpg,magnolia-lodge--elevation--front.jpg,magnolia-lodge--elevation--left.jpg,magnolia-lodge--elevation--rear.jpg,magnolia-lodge--elevation--right.jpg,magnolia-lodge--floor-plan--main.jpg,magnolia-lodge--floor-plan--upper.jpg,,magnolia-lodge--poster.jpg
Mamas House,3,2,1,1524,990,1594,972,617,0,4108,5697,multi_level,mamas-house--render--front.jpg,mamas-house--elevation--front.jpg,mamas-house--elevation--left.jpg,mamas-house--elevation--rear.jpg,mamas-house--elevation--right.jpg,mamas-house--floor-plan--main.jpg,mamas-house--floor-plan--upper.jpg,,mamas-house--poster.jpg
Man House,1,1,0,467,0,0,200,0,0,467,667,single_level,man-house--render--front.jpg,man-house--elevation--front.jpg,man-house--elevation--left.jpg,man-house--elevation--rear.jpg,man-house--elevation--right.jpg,man-house--floor-plan--main.jpg,,,man-house--poster.jpg
Maple Leaf Lodge,3,2,1,1180,760,0,602,0,0,1940,2542,multi_level,maple-leaf-lodge--render--front.jpg,maple-leaf-lodge--elevation--front.jpg,maple-leaf-lodge--elevation--left.jpg,maple-leaf-lodge--elevation--rear.jpg,maple-leaf-lodge--elevation--right.jpg,maple-leaf-lodge--floor-plan--main.jpg,maple-leaf-lodge--floor-plan--upper.jpg,,maple-leaf-lodge--poster.jpg
Meadow View Retreat,3,2,0,1871,0,0,337,588,0,1871,2796,single_level,meadow-view-retreat--render--front.jpg,meadow-view-retreat--elevation--front.jpg,meadow-view-retreat--elevation--left.jpg,meadow-view-retreat--elevation--rear.jpg,meadow-view-retreat--elevation--right.jpg,meadow-view-retreat--floor-plan--main.jpg,,,meadow-view-retreat--poster.jpg
Merlins Place,1,1,0,332,143,0,280,0,0,475,755,multi_level,merlins-place--render--front.jpg,merlins-place--elevation--front.jpg,merlins-place--elevation--left.jpg,merlins-place--elevation--rear.jpg,merlins-place--elevation--right.jpg,merlins-place--floor-plan--main.jpg,merlins-place--floor-plan--upper.jpg,,merlins-place--poster.jpg
Misty Mountain Camp,2,2,1,1648,536,0,921,602,0,2184,3707,multi_level,misty-mountain-camp--render--front.jpg,misty-mountain-camp--elevation--front.jpg,misty-mountain-camp--elevation--left.jpg,misty-mountain-camp--elevation--rear.jpg,misty-mountain-camp--elevation--right.jpg,misty-mountain-camp--floor-plan--main.jpg,misty-mountain-camp--floor-plan--upper.jpg,,misty-mountain-camp--poster.jpg
Mod Pod,1,1,0,632,0,0,0,0,0,632,632,single_level,modpod--render--front.jpg,modpod--elevation--front.jpg,modpod--elevation--left.jpg,modpod--elevation--rear.jpg,modpod--elevation--right.jpg,modpod--floor-plan--main.jpg,,,modpod--poster.jpg
Modern Vista,3,3,1,776,0,776,1512,0,0,1552,3064,multi_level,modern-vista--render--front.jpg,modern-vista--elevation--front.jpg,modern-vista--elevation--left.jpg,modern-vista--elevation--rear.jpg,modern-vista--elevation--right.jpg,modern-vista--floor-plan--main.jpg,,modern-vista--floor-plan--lower.jpg,modern-vista--poster.jpg
Moody Patooty,2,2,0,822,581,0,462,0,0,1403,1865,multi_level,moody-patooty--render--front.jpg,moody-patooty--elevation--front.jpg,moody-patooty--elevation--left.jpg,moody-patooty--elevation--rear.jpg,moody-patooty--elevation--right.jpg,moody-patooty--floor-plan--main.jpg,moody-patooty--floor-plan--upper.jpg,,moody-patooty--poster.jpg
Moonlight Bay Retreat,3,2,0,2263,0,0,640,650,0,2263,3553,single_level,moonlight-bay-retreat--render--front.jpg,moonlight-bay-retreat--elevation--front.jpg,moonlight-bay-retreat--elevation--left.jpg,moonlight-bay-retreat--elevation--rear.jpg,moonlight-bay-retreat--elevation--right.jpg,moonlight-bay-retreat--floor-plan--main.jpg,,,moonlight-bay-retreat--poster.jpg
Morningstar Farm,3,3,0,1701,0,0,620,0,0,1701,2321,single_level,morningstar-farm--render--front.jpg,morningstar-farm--elevation--front.jpg,morningstar-farm--elevation--left.jpg,morningstar-farm--elevation--rear.jpg,morningstar-farm--elevation--right.jpg,morningstar-farm--floor-plan--main.jpg,,,morningstar-farm--poster.jpg
Mount Washington Retreat,2,2,0,2088,359,1651,1082,0,0,4098,5180,multi_level,mount-washington-retreat--render--front.jpg,mount-washington-retreat--elevation--front.jpg,mount-washington-retreat--elevation--left.jpg,mount-washington-retreat--elevation--rear.jpg,mount-washington-retreat--elevation--right.jpg,mount-washington-retreat--floor-plan--main.jpg,mount-washington-retreat--floor-plan--upper.jpg,mount-washington-retreat--floor-plan--lower.jpg,mount-washington-retreat--poster.jpg
Mountain View Lodge,3,2,1,1181,763,0,778,0,0,1944,2722,multi_level,mountain-view-lodge-i--render--front.jpg,mountain-view-lodge-i--elevation--front.jpg,mountain-view-lodge-i--elevation--left.jpg,mountain-view-lodge-i--elevation--rear.jpg,mountain-view-lodge-i--elevation--right.jpg,mountain-view-lodge-i--floor-plan--main.jpg,mountain-view-lodge-i--floor-plan--upper.jpg,,mountain-view-lodge-i--poster.jpg
Mouse Tail Farm,2,2,1,1430,320,0,413,656,0,1750,2819,multi_level,mouse-tail-farm--render--front.jpg,mouse-tail-farm--elevation--front.jpg,mouse-tail-farm--elevation--left.jpg,mouse-tail-farm--elevation--rear.jpg,mouse-tail-farm--elevation--right.jpg,mouse-tail-farm--floor-plan--main.jpg,mouse-tail-farm--floor-plan--upper.jpg,,mouse-tail-farm--poster.jpg
Nail Hole Lodge,3,3,2,1808,0,1443,507,662,653,3904,5073,,nail-hole-lodge--render--front.jpg,nail-hole-lodge--elevation--front.jpg,nail-hole-lodge--elevation--left.jpg,nail-hole-lodge--elevation--rear.jpg,nail-hole-lodge--elevation--right.jpg,nail-hole-lodge--floor-plan--main.jpg,nail-hole-lodge--floor-plan--upper.jpg,nail-hole-lodge--floor-plan--lower.jpg,nail-hole-lodge--poster.jpg
Neverland Lodge,3,2,0,2180,0,0,309,567,0,2180,3056,single_level,neverland-lodge--render--front.jpg,neverland-lodge--elevation--front.jpg,neverland-lodge--elevation--left.jpg,neverland-lodge--elevation--rear.jpg,neverland-lodge--elevation--right.jpg,neverland-lodge--floor-plan--main.jpg,,,neverland-lodge--poster.jpg
North Fork Lodge,4,3,0,2116,1082,0,510,685,0,3198,4393,multi_level,north-fork-lodge--render--front.jpg,north-fork-lodge--elevation--front.jpg,north-fork-lodge--elevation--left.jpg,north-fork-lodge--elevation--rear.jpg,north-fork-lodge--elevation--right.jpg,north-fork-lodge--floor-plan--main.jpg,north-fork-lodge--floor-plan--upper.jpg,,north-fork-lodge--poster.jpg
North Forty Farm,5,6,1,2034,1184,1229,1542,572,0,4447,6561,multi_level,north-forty-farm--render--front.jpg,north-forty-farm--elevation--front.jpg,north-forty-farm--elevation--left.jpg,north-forty-farm--elevation--rear.jpg,north-forty-farm--elevation--right.jpg,north-forty-farm--floor-plan--main.jpg,north-forty-farm--floor-plan--upper.jpg,north-forty-farm--floor-plan--lower.jpg,north-forty-farm--poster.jpg
Oak Ridge,3,2,0,797,740,797,204,0,0,2334,2538,multi_level,oak-ridge--render--front.jpg,oak-ridge--elevation--front.jpg,oak-ridge--elevation--left.jpg,oak-ridge--elevation--rear.jpg,oak-ridge--elevation--right.jpg,oak-ridge--floor-plan--main.jpg,oak-ridge--floor-plan--upper.jpg,,oak-ridge--poster.jpg
Oasis,3,3,0,1954,0,0,433,544,0,1954,2931,single_level,oasis-from-cindy--render--front.jpg,oasis-from-cindy--elevation--front.jpg,oasis-from-cindy--elevation--left.jpg,oasis-from-cindy--elevation--rear.jpg,oasis-from-cindy--elevation--right.jpg,oasis-from-cindy--floor-plan--main.jpg,,,oasis-from-cindy--poster.jpg
Overlook Retreat,3,4,0,2144,0,2144,834,0,0,4288,5122,multi_level,overlook-retreat--render--front.jpg,overlook-retreat--elevation--front.jpg,overlook-retreat--elevation--left.jpg,overlook-retreat--elevation--rear.jpg,overlook-retreat--elevation--right.jpg,overlook-retreat--floor-plan--main.jpg,,overlook-retreat--floor-plan--lower.jpg,overlook-retreat--poster.jpg
Patty Cake Cabin,2,2,0,856,0,856,314,0,0,1712,2026,single_level,patty-cake-cabin--render--front.jpg,patty-cake-cabin--elevation--front.jpg,patty-cake-cabin--elevation--left.jpg,patty-cake-cabin--elevation--rear.jpg,patty-cake-cabin--elevation--right.jpg,patty-cake-cabin--floor-plan--main.jpg,,patty-cake-cabin--floor-plan--lower.jpg,patty-cake-cabin--poster.jpg
Peace Pipe Camp,3,3,0,900,425,900,506,0,0,2225,2731,multi_level,peace-pipe-camp--render--front.jpg,peace-pipe-camp--elevation--front.jpg,peace-pipe-camp--elevation--left.jpg,peace-pipe-camp--elevation--rear.jpg,peace-pipe-camp--elevation--right.jpg,peace-pipe-camp--floor-plan--main.jpg,peace-pipe-camp--floor-plan--upper.jpg,peace-pipe-camp--floor-plan--lower.jpg,peace-pipe-camp--poster.jpg
Pear Tree Retreat,3,3,1,2136,832,0,717,0,1396,4364,5081,multi_level,pear-tree-retreat--render--front.jpg,pear-tree-retreat--elevation--front.jpg,pear-tree-retreat--elevation--left.jpg,pear-tree-retreat--elevation--rear.jpg,pear-tree-retreat--elevation--right.jpg,pear-tree-retreat--floor-plan--main.jpg,pear-tree-retreat--floor-plan--upper.jpg,,pear-tree-retreat--poster.jpg
Pebble Brooke Cottage,3,2,1,1337,539,0,318,0,0,1876,2194,multi_level,pebble-brooke-cottage--render--front.jpg,pebble-brooke-cottage--elevation--front.jpg,pebble-brooke-cottage--elevation--left.jpg,pebble-brooke-cottage--elevation--rear.jpg,pebble-brooke-cottage--elevation--right.jpg,pebble-brooke-cottage--floor-plan--main.jpg,pebble-brooke-cottage--floor-plan--upper.jpg,,pebble-brooke-cottage--poster.jpg
Perfect Pearl,1,1,0,757,0,0,254,0,0,757,1011,single_level,perfect-pearl--render--front.jpg,perfect-pearl--elevation--front.jpg,perfect-pearl--elevation--left.jpg,perfect-pearl--elevation--rear.jpg,perfect-pearl--elevation--right.jpg,perfect-pearl--floor-plan--main.jpg,,perfect-pearl--floor-plan--lower.jpg,perfect-pearl--poster.jpg
Pickle Barrel Retreat,3,3,1,1119,0,1119,841,545,0,2238,3624,multi_level,pickle-barrel-retreat--render--front.jpg,pickle-barrel-retreat--elevation--front.jpg,pickle-barrel-retreat--elevation--left.jpg,pickle-barrel-retreat--elevation--rear.jpg,pickle-barrel-retreat--elevation--right.jpg,pickle-barrel-retreat--floor-plan--main.jpg,,pickle-barrel-retreat--floor-plan--lower.jpg,pickle-barrel-retreat--poster.jpg
Pikes Place,5,4,2,2138,495,2138,1700,1064,0,4771,7535,multi_level,pikes-place--render--front.jpg,pikes-place--elevation--front.jpg,pikes-place--elevation--left.jpg,pikes-place--elevation--rear.jpg,pikes-place--elevation--right.jpg,pikes-place--floor-plan--main.jpg,pikes-place--floor-plan--upper.jpg,pikes-place--floor-plan--lower.jpg,pikes-place--poster.jpg
Pine Cone,1,1,0,640,116,0,136,0,0,756,892,single_level,pine-cone--render--front.jpg,pine-cone--elevation--front.jpg,pine-cone--elevation--left.jpg,pine-cone--elevation--rear.jpg,pine-cone--elevation--right.jpg,pine-cone--floor-plan--main.jpg,pine-cone--floor-plan--upper.jpg,,pine-cone--poster.jpg
Pine Knot Camp,3,3,1,1503,0,1503,485,576,0,3006,4067,multi_level,pine-knot-camp--render--front.jpg,pine-knot-camp--elevation--front.jpg,pine-knot-camp--elevation--left.jpg,pine-knot-camp--elevation--rear.jpg,pine-knot-camp--elevation--right.jpg,pine-knot-camp--floor-plan--main.jpg,,pine-knot-camp--floor-plan--lower.jpg,pine-knot-camp--poster.jpg
Pony Pen Camp,3,3,1,1066,570,1066,286,0,0,2702,2988,multi_level,pony-pen-camp--render--front.jpg,pony-pen-camp--elevation--front.jpg,pony-pen-camp--elevation--left.jpg,pony-pen-camp--elevation--rear.jpg,pony-pen-camp--elevation--right.jpg,pony-pen-camp--floor-plan--main.jpg,pony-pen-camp--floor-plan--upper.jpg,pony-pen-camp--floor-plan--lower.jpg,pony-pen-camp--poster.jpg
Pooh Bear,2,2,0,1180,690,0,778,0,0,1870,2648,multi_level,pooh-bear--render--front.jpg,pooh-bear--elevation--front.jpg,pooh-bear--elevation--left.jpg,pooh-bear--elevation--rear.jpg,pooh-bear--elevation--right.jpg,pooh-bear--floor-plan--main.jpg,pooh-bear--floor-plan--upper.jpg,,pooh-bear--poster.jpg
Poplar Street Retreat,4,3,1,1832,722,0,726,968,0,2554,4248,multi_level,poplar-street-retreat--render--front.jpg,poplar-street-retreat--elevation--front.jpg,poplar-street-retreat--elevation--left.jpg,poplar-street-retreat--elevation--rear.jpg,poplar-street-retreat--elevation--right.jpg,poplar-street-retreat--floor-plan--main.jpg,poplar-street-retreat--floor-plan--upper.jpg,,poplar-street-retreat--poster.jpg
Porterfield Place,4,4,1,1778,167,1523,955,707,0,3468,5130,multi_level,porterfield-place--render--front.jpg,porterfield-place--elevation--front.jpg,porterfield-place--elevation--left.jpg,porterfield-place--elevation--rear.jpg,porterfield-place--elevation--right.jpg,porterfield-place--floor-plan--main.jpg,porterfield-place--floor-plan--upper.jpg,porterfield-place--floor-plan--lower.jpg,porterfield-place--poster.jpg
Pumpkin Patch Farm,2,2,0,1641,0,0,958,0,0,1641,2599,single_level,pumpkin-patch-farm-sundance-d--render--front.jpg,pumpkin-patch-farm-sundance-d--elevation--front.jpg,pumpkin-patch-farm-sundance-d--elevation--left.jpg,pumpkin-patch-farm-sundance-d--elevation--rear.jpg,pumpkin-patch-farm-sundance-d--elevation--right.jpg,pumpkin-patch-farm-sundance-d--floor-plan--main.jpg,,,pumpkin-patch-farm-sundance-d--poster.jpg
Quarter Horse Camp,2,2,1,994,392,996,726,0,0,2382,3108,multi_level,quarter-horse-camp--render--front.jpg,quarter-horse-camp--elevation--front.jpg,quarter-horse-camp--elevation--left.jpg,quarter-horse-camp--elevation--rear.jpg,quarter-horse-camp--elevation--right.jpg,quarter-horse-camp--floor-plan--main.jpg,quarter-horse-camp--floor-plan--upper.jpg,quarter-horse-camp--floor-plan--lower.jpg,quarter-horse-camp--poster.jpg
Ravens Nest Hideaway,3,3,1,2060,896,0,1499,0,0,2956,4455,multi_level,ravens-nest-hideaway--render--front.jpg,ravens-nest-hideaway--elevation--front.jpg,ravens-nest-hideaway--elevation--left.jpg,ravens-nest-hideaway--elevation--rear.jpg,ravens-nest-hideaway--elevation--right.jpg,ravens-nest-hideaway--floor-plan--main.jpg,ravens-nest-hideaway--floor-plan--upper.jpg,,ravens-nest-hideaway--poster.jpg
Red Bone Gone,3,2,0,820,760,0,388,0,0,1580,1968,multi_level,red-bone-gone--render--front.jpg,red-bone-gone--elevation--front.jpg,red-bone-gone--elevation--left.jpg,red-bone-gone--elevation--rear.jpg,red-bone-gone--elevation--right.jpg,red-bone-gone--floor-plan--main.jpg,red-bone-gone--floor-plan--upper.jpg,,red-bone-gone--poster.jpg
Red Clay Retreat,5,4,1,2349,0,1833,641,603,0,4182,5426,multi_level,red-clay-retreat--render--front.jpg,red-clay-retreat--elevation--front.jpg,red-clay-retreat--elevation--left.jpg,red-clay-retreat--elevation--rear.jpg,red-clay-retreat--elevation--right.jpg,red-clay-retreat--floor-plan--main.jpg,,red-clay-retreat--floor-plan--lower.jpg,red-clay-retreat--poster.jpg
Redtail Mountain Camp,3,2,1,1246,631,0,474,576,0,1877,2927,multi_level,redtail-mountain-camp--render--front.jpg,redtail-mountain-camp--elevation--front.jpg,redtail-mountain-camp--elevation--left.jpg,redtail-mountain-camp--elevation--rear.jpg,redtail-mountain-camp--elevation--right.jpg,redtail-mountain-camp--floor-plan--main.jpg,redtail-mountain-camp--floor-plan--upper.jpg,,redtail-mountain-camp--poster.jpg
River Run Cottage,3,4,0,1990,0,1588,451,576,0,3578,4605,multi_level,river-run-cottage--render--front.jpg,river-run-cottage--elevation--front.jpg,river-run-cottage--elevation--left.jpg,river-run-cottage--elevation--rear.jpg,river-run-cottage--elevation--right.jpg,river-run-cottage--floor-plan--main.jpg,,river-run-cottage--floor-plan--lower.jpg,river-run-cottage--poster.jpg
Rivermyst,3,2,1,1695,548,0,663,570,0,2243,3476,multi_level,rivermyst--render--front.jpg,rivermyst--elevation--front.jpg,rivermyst--elevation--left.jpg,rivermyst--elevation--rear.jpg,rivermyst--elevation--right.jpg,rivermyst--floor-plan--main.jpg,rivermyst--floor-plan--upper.jpg,,rivermyst--poster.jpg
Rock Candy Cottage,5,3,0,1656,0,1656,1302,0,0,3312,4614,single_level,rock-candy-cottage--render--front.jpg,rock-candy-cottage--elevation--front.jpg,rock-candy-cottage--elevation--left.jpg,rock-candy-cottage--elevation--rear.jpg,rock-candy-cottage--elevation--right.jpg,rock-candy-cottage--floor-plan--main.jpg,,rock-candy-cottage--floor-plan--lower.jpg,rock-candy-cottage--poster.jpg
Rock Creek Retreat,4,4,0,2156,0,1516,865,576,0,3672,5113,multi_level,rock-creek-retreat--render--front.jpg,,,,,rock-creek-retreat--floor-plan--main.jpg,,rock-creek-retreat--floor-plan--lower.jpg,rock-creek-retreat--poster.jpg
Rock River Retreat,3,2,1,1396,0,1396,511,576,0,2792,3879,multi_level,rock-river-retreat--render--front.jpg,rock-river-retreat--elevation--front.jpg,rock-river-retreat--elevation--left.jpg,rock-river-retreat--elevation--rear.jpg,rock-river-retreat--elevation--right.jpg,rock-river-retreat--floor-plan--main.jpg,,rock-river-retreat--floor-plan--lower.jpg,rock-river-retreat--poster.jpg
Rock Wren,2,2,0,797,576,0,543,0,0,1373,1916,multi_level,rock-wren--render--front.jpg,rock-wren--elevation--front.jpg,rock-wren--elevation--left.jpg,rock-wren--elevation--rear.jpg,rock-wren--elevation--right.jpg,rock-wren--floor-plan--main.jpg,rock-wren--floor-plan--upper.jpg,,rock-wren--poster.jpg
Rocky Top Camp,3,2,1,1217,586,0,480,625,0,1803,2908,multi_level,rocky-top-camp--render--front.jpg,rocky-top-camp--elevation--front.jpg,rocky-top-camp--elevation--left.jpg,rocky-top-camp--elevation--rear.jpg,rocky-top-camp--elevation--right.jpg,rocky-top-camp--floor-plan--main.jpg,rocky-top-camp--floor-plan--upper.jpg,,rocky-top-camp--poster.jpg
Rum Runner Camp,2,2,1,1486,541,0,1013,648,0,2027,3688,multi_level,rum-runner-camp--render--front.jpg,rum-runner-camp--elevation--front.jpg,rum-runner-camp--elevation--left.jpg,rum-runner-camp--elevation--rear.jpg,rum-runner-camp--elevation--right.jpg,rum-runner-camp--floor-plan--main.jpg,rum-runner-camp--floor-plan--upper.jpg,,rum-runner-camp--poster.jpg
Rusty Nail Camp,5,4,0,959,734,0,471,0,0,1693,2164,multi_level,rusty-nail-camp--render--front.jpg,rusty-nail-camp--elevation--front.jpg,rusty-nail-camp--elevation--left.jpg,rusty-nail-camp--elevation--rear.jpg,rusty-nail-camp--elevation--right.jpg,rusty-nail-camp--floor-plan--main.jpg,rusty-nail-camp--floor-plan--upper.jpg,,rusty-nail-camp--poster.jpg
Sandstone Retreat,4,4,2,2446,673,2134,1008,826,0,5253,7087,multi_level,sandstone-retreat--render--front.jpg,sandstone-retreat--elevation--front.jpg,sandstone-retreat--elevation--left.jpg,sandstone-retreat--elevation--rear.jpg,sandstone-retreat--elevation--right.jpg,sandstone-retreat--floor-plan--main.jpg,sandstone-retreat--floor-plan--upper.jpg,sandstone-retreat--floor-plan--lower.jpg,sandstone-retreat--poster.jpg
Sapphire Cottage,3,2,1,1168,513,0,497,748,0,1681,2926,multi_level,sapphire-cottage--render--front.jpg,sapphire-cottage--elevation--front.jpg,sapphire-cottage--elevation--left.jpg,sapphire-cottage--elevation--rear.jpg,sapphire-cottage--elevation--right.jpg,sapphire-cottage--floor-plan--main.jpg,sapphire-cottage--floor-plan--upper.jpg,,sapphire-cottage--poster.jpg
Shade Tree Cabin,3,2,1,1417,1006,1417,1033,0,0,3840,4873,multi_level,shade-tree-cabin--render--front.jpg,shade-tree-cabin--elevation--front.jpg,shade-tree-cabin--elevation--left.jpg,shade-tree-cabin--elevation--rear.jpg,shade-tree-cabin--elevation--right.jpg,shade-tree-cabin--floor-plan--main.jpg,,shade-tree-cabin--floor-plan--lower.jpg,shade-tree-cabin--poster.jpg
Shadow Cove Lodge,3,3,1,1617,1080,1033,980,0,0,3730,4710,multi_level,shadow-cove-lodge--render--front.jpg,shadow-cove-lodge--elevation--front.jpg,shadow-cove-lodge--elevation--left.jpg,shadow-cove-lodge--elevation--rear.jpg,shadow-cove-lodge--elevation--right.jpg,shadow-cove-lodge--floor-plan--main.jpg,shadow-cove-lodge--floor-plan--upper.jpg,shadow-cove-lodge--floor-plan--lower.jpg,shadow-cove-lodge--poster.jpg
Shadow Wood Lodge,3,3,1,1597,950,0,780,530,0,2547,3857,multi_level,shadow-wood-lodge--render--front.jpg,shadow-wood-lodge--elevation--front.jpg,shadow-wood-lodge--elevation--left.jpg,shadow-wood-lodge--elevation--rear.jpg,shadow-wood-lodge--elevation--right.jpg,shadow-wood-lodge--floor-plan--main.jpg,shadow-wood-lodge--floor-plan--upper.jpg,,shadow-wood-lodge--poster.jpg
Silver City Retreat,3,2,0,2466,0,0,482,687,0,2466,3635,single_level,silver-city-retreat--render--front.jpg,silver-city-retreat--elevation--front.jpg,silver-city-retreat--elevation--left.jpg,silver-city-retreat--elevation--rear.jpg,silver-city-retreat--elevation--right.jpg,silver-city-retreat--floor-plan--main.jpg,,,silver-city-retreat--poster.jpg
Ski Supreme,4,3,1,1827,1196,1460,914,0,0,4483,5397,multi_level,ski-supreme--render--front.jpg,ski-supreme--elevation--front.jpg,ski-supreme--elevation--left.jpg,ski-supreme--elevation--rear.jpg,ski-supreme--elevation--right.jpg,ski-supreme--floor-plan--main.jpg,ski-supreme--floor-plan--upper.jpg,ski-supreme--floor-plan--lower.jpg,ski-supreme--poster.jpg
Sky Light Lodge,2,2,1,2163,453,0,1398,803,0,2616,4817,multi_level,sky-light-lodge--render--front.jpg,sky-light-lodge--elevation--front.jpg,sky-light-lodge--elevation--left.jpg,sky-light-lodge--elevation--rear.jpg,sky-light-lodge--elevation--right.jpg,sky-light-lodge--floor-plan--main.jpg,sky-light-lodge--floor-plan--upper.jpg,,sky-light-lodge--poster.jpg
Skyway Cabin,3,2,2,1730,1745,0,411,576,0,3475,4462,multi_level,skyway-cabin--render--front.jpg,skyway-cabin--elevation--front.jpg,skyway-cabin--elevation--left.jpg,skyway-cabin--elevation--rear.jpg,skyway-cabin--elevation--right.jpg,skyway-cabin--floor-plan--main.jpg,skyway-cabin--floor-plan--upper.jpg,,skyway-cabin--poster.jpg
Slickrock Retreat,4,3,1,1030,615,1030,1054,576,0,2675,4305,multi_level,slickrock-retreat--render--front.jpg,slickrock-retreat--elevation--front.jpg,slickrock-retreat--elevation--left.jpg,slickrock-retreat--elevation--rear.jpg,slickrock-retreat--elevation--right.jpg,slickrock-retreat--floor-plan--main.jpg,slickrock-retreat--floor-plan--upper.jpg,slickrock-retreat--floor-plan--lower.jpg,slickrock-retreat--poster.jpg
Slippery Rock,1,1,1,1814,315,1039,1860,0,0,3168,5028,multi_level,slippery-rock--render--front.jpg,slippery-rock--elevation--front.jpg,slippery-rock--elevation--left.jpg,slippery-rock--elevation--rear.jpg,slippery-rock--elevation--right.jpg,slippery-rock--floor-plan--main.jpg,slippery-rock--floor-plan--upper.jpg,slippery-rock--floor-plan--lower.jpg,slippery-rock--poster.jpg
Sly Fox Farm,3,3,0,2554,565,0,580,582,0,3119,4281,multi_level,sly-fox-farm--render--front.jpg,sly-fox-farm--elevation--front.jpg,sly-fox-farm--elevation--left.jpg,sly-fox-farm--elevation--rear.jpg,sly-fox-farm--elevation--right.jpg,sly-fox-farm--floor-plan--main.jpg,sly-fox-farm--floor-plan--upper.jpg,,sly-fox-farm--poster.jpg
Smithfield,3,2,1,2522,770,0,750,0,1560,4852,5602,multi_level,smithfield--render--front.jpg,smithfield--elevation--front.jpg,smithfield--elevation--left.jpg,smithfield--elevation--rear.jpg,smithfield--elevation--right.jpg,smithfield--floor-plan--main.jpg,smithfield--floor-plan--upper.jpg,,smithfield--poster.jpg
Snow Bird Camp,4,3,1,1336,950,1280,1162,0,0,3566,4728,multi_level,snow-bird-camp--render--front.jpg,snow-bird-camp--elevation--front.jpg,snow-bird-camp--elevation--left.jpg,snow-bird-camp--elevation--rear.jpg,snow-bird-camp--elevation--right.jpg,snow-bird-camp--floor-plan--main.jpg,snow-bird-camp--floor-plan--upper.jpg,snow-bird-camp--floor-plan--lower.jpg,snow-bird-camp--poster.jpg
Snowflake Lodge,4,4,1,1878,1175,1466,1715,0,0,4519,6234,multi_level,snowflake-lodge--render--front.jpg,snowflake-lodge--elevation--front.jpg,snowflake-lodge--elevation--left.jpg,snowflake-lodge--elevation--rear.jpg,snowflake-lodge--elevation--right.jpg,snowflake-lodge--floor-plan--main.jpg,snowflake-lodge--floor-plan--upper.jpg,snowflake-lodge--floor-plan--lower.jpg,snowflake-lodge--poster.jpg
Snuggle Bug,1,1,0,450,124,0,132,0,0,574,706,single_level,snuggle-bug--render--front.jpg,snuggle-bug--elevation--front.jpg,snuggle-bug--elevation--left.jpg,snuggle-bug--elevation--rear.jpg,snuggle-bug--elevation--right.jpg,snuggle-bug--floor-plan--main.jpg,snuggle-bug--floor-plan--upper.jpg,,snuggle-bug--poster.jpg
Southern Charm Lodge,4,5,0,2784,1216,2703,2122,768,0,6703,9593,multi_level,southern-charm-lodge--render--front.jpg,southern-charm-lodge--elevation--front.jpg,southern-charm-lodge--elevation--left.jpg,southern-charm-lodge--elevation--rear.jpg,southern-charm-lodge--elevation--right.jpg,southern-charm-lodge--floor-plan--main.jpg,southern-charm-lodge--floor-plan--upper.jpg,southern-charm-lodge--floor-plan--lower.jpg,southern-charm-lodge--poster.jpg
Sparrow Cottage Farm,2,2,0,1084,445,0,440,0,0,1529,1969,multi_level,sparrow-cottage-farm-sundance-b--render--front.jpg,sparrow-cottage-farm-sundance-b--elevation--front.jpg,sparrow-cottage-farm-sundance-b--elevation--left.jpg,sparrow-cottage-farm-sundance-b--elevation--rear.jpg,sparrow-cottage-farm-sundance-b--elevation--right.jpg,sparrow-cottage-farm-sundance-b--floor-plan--main.jpg,sparrow-cottage-farm-sundance-b--floor-plan--upper.jpg,,sparrow-cottage-farm-sundance-b--poster.jpg
Squirrel Away Camp,3,2,0,572,425,0,252,0,0,997,1249,multi_level,squirrel-away-camp-smalls--render--front.jpg,squirrel-away-camp-smalls--elevation--front.jpg,squirrel-away-camp-smalls--elevation--left.jpg,squirrel-away-camp-smalls--elevation--rear.jpg,squirrel-away-camp-smalls--elevation--right.jpg,squirrel-away-camp-smalls--floor-plan--main.jpg,squirrel-away-camp-smalls--floor-plan--upper.jpg,,squirrel-away-camp-smalls--poster.jpg
Starlight Lodge,5,3,1,1754,1368,1428,816,0,0,4550,5366,multi_level,starlight-lodge--render--front.jpg,starlight-lodge--elevation--front.jpg,starlight-lodge--elevation--left.jpg,starlight-lodge--elevation--rear.jpg,starlight-lodge--elevation--right.jpg,starlight-lodge--floor-plan--main.jpg,starlight-lodge--floor-plan--upper.jpg,starlight-lodge--floor-plan--lower.jpg,starlight-lodge--poster.jpg
Stone Mountain Lodge,4,3,1,1622,907,0,726,604,0,2529,3859,multi_level,stone-mountain-lodge--render--front.jpg,stone-mountain-lodge--elevation--front.jpg,stone-mountain-lodge--elevation--left.jpg,stone-mountain-lodge--elevation--rear.jpg,stone-mountain-lodge--elevation--right.jpg,stone-mountain-lodge--floor-plan--main.jpg,stone-mountain-lodge--floor-plan--upper.jpg,,stone-mountain-lodge--poster.jpg
Stonewall Jackson Camp,1,1,1,1635,244,999,348,0,0,2878,3226,multi_level,stonewall-jackson-camp--render--front.jpg,stonewall-jackson-camp--elevation--front.jpg,stonewall-jackson-camp--elevation--left.jpg,stonewall-jackson-camp--elevation--rear.jpg,stonewall-jackson-camp--elevation--right.jpg,stonewall-jackson-camp--floor-plan--main.jpg,stonewall-jackson-camp--floor-plan--upper.jpg,stonewall-jackson-camp--floor-plan--lower.jpg,stonewall-jackson-camp--poster.jpg
Sugar Mill Farm,2,2,1,1447,499,0,695,576,0,1946,3217,multi_level,sugar-mill-farm--render--front.jpg,sugar-mill-farm--elevation--front.jpg,sugar-mill-farm--elevation--left.jpg,sugar-mill-farm--elevation--rear.jpg,sugar-mill-farm--elevation--right.jpg,sugar-mill-farm--floor-plan--main.jpg,sugar-mill-farm--floor-plan--upper.jpg,,sugar-mill-farm--poster.jpg
Sugar Pie,2,2,1,945,460,0,558,0,0,1405,1963,multi_level,sugar-pie--render--front.jpg,sugar-pie--elevation--front.jpg,sugar-pie--elevation--left.jpg,sugar-pie--elevation--rear.jpg,sugar-pie--elevation--right.jpg,sugar-pie--floor-plan--main.jpg,sugar-pie--floor-plan--upper.jpg,,sugar-pie--poster.jpg
Sugar Plum Cottage,2,2,1,1385,470,0,565,0,0,1855,2420,multi_level,sugar-plum-cottage--render--front.jpg,sugar-plum-cottage--elevation--front.jpg,sugar-plum-cottage--elevation--left.jpg,sugar-plum-cottage--elevation--rear.jpg,sugar-plum-cottage--elevation--right.jpg,sugar-plum-cottage--floor-plan--main.jpg,sugar-plum-cottage--floor-plan--upper.jpg,sugar-plum-cottage--floor-plan--lower.jpg,sugar-plum-cottage--poster.jpg
Sugarfoot Ranch,4,3,1,3175,0,0,1130,740,0,3175,5045,single_level,sugarfoot-ranch--render--front.jpg,sugarfoot-ranch--elevation--front.jpg,sugarfoot-ranch--elevation--left.jpg,sugarfoot-ranch--elevation--rear.jpg,sugarfoot-ranch--elevation--right.jpg,sugarfoot-ranch--floor-plan--main.jpg,,,sugarfoot-ranch--poster.jpg
Sunflower Ranch,3,3,1,2697,0,0,1118,455,0,2697,4270,single_level,sunflower-ranch--render--front.jpg,sunflower-ranch--elevation--front.jpg,sunflower-ranch--elevation--left.jpg,sunflower-ranch--elevation--rear.jpg,sunflower-ranch--elevation--right.jpg,sunflower-ranch--floor-plan--main.jpg,,,sunflower-ranch--poster.jpg
Sunset Ranch,8,7,3,2518,2966,2156,1602,1014,0,7640,10256,multi_level,sunset-ranch--render--front.jpg,sunset-ranch--elevation--front.jpg,sunset-ranch--elevation--left.jpg,sunset-ranch--elevation--rear.jpg,sunset-ranch--elevation--right.jpg,sunset-ranch--floor-plan--main.jpg,sunset-ranch--floor-plan--upper.jpg,sunset-ranch--floor-plan--lower.jpg,sunset-ranch--poster.jpg
Sweetwater Lodge,2,2,1,2002,302,0,921,0,0,2304,3225,single_level,sweetwater-lodge--render--front.jpg,sweetwater-lodge--elevation--front.jpg,sweetwater-lodge--elevation--left.jpg,sweetwater-lodge--elevation--rear.jpg,sweetwater-lodge--elevation--right.jpg,sweetwater-lodge--floor-plan--main.jpg,sweetwater-lodge--floor-plan--upper.jpg,,sweetwater-lodge--poster.jpg
Tater Tot,2,1,0,1149,0,0,410,0,0,1149,1559,single_level,tater-tot--render--front.jpg,tater-tot--elevation--front.jpg,tater-tot--elevation--left.jpg,tater-tot--elevation--rear.jpg,tater-tot--elevation--right.jpg,tater-tot--floor-plan--main.jpg,,,tater-tot--poster.jpg
Tommy Toe,3,2,0,930,477,930,1010,0,0,2337,3347,multi_level,tommy-toe--render--front.jpg,tommy-toe--elevation--front.jpg,tommy-toe--elevation--left.jpg,tommy-toe--elevation--rear.jpg,tommy-toe--elevation--right.jpg,tommy-toe--floor-plan--main.jpg,tommy-toe--floor-plan--upper.jpg,tommy-toe--floor-plan--lower.jpg,tommy-toe--poster.jpg
Treeline Retreat,2,2,1,1590,0,882,520,708,0,2472,3700,multi_level,treeline-retreat--render--front.jpg,treeline-retreat--elevation--front.jpg,treeline-retreat--elevation--left.jpg,treeline-retreat--elevation--rear.jpg,treeline-retreat--elevation--right.jpg,treeline-retreat--floor-plan--main.jpg,,treeline-retreat--floor-plan--lower.jpg,treeline-retreat--poster.jpg
Treeline Retreat B,2,2,1,2065,0,0,487,638,0,2065,3190,multi_level,treeline-retreat-b--render--front.jpg,treeline-retreat-b--elevation--front.jpg,treeline-retreat-b--elevation--left.jpg,treeline-retreat-b--elevation--rear.jpg,treeline-retreat-b--elevation--right.jpg,treeline-retreat-b--floor-plan--main.jpg,,,treeline-retreat-b--poster.jpg
Treeline Retreat C,3,3,1,2242,0,2146,531,919,0,4388,5838,multi_level,treeline-retreat-c--render--front.jpg,treeline-retreat-c--elevation--front.jpg,treeline-retreat-c--elevation--left.jpg,treeline-retreat-c--elevation--rear.jpg,treeline-retreat-c--elevation--right.jpg,treeline-retreat-c--floor-plan--main.jpg,,treeline-retreat-c--floor-plan--lower.jpg,treeline-retreat-c--poster.jpg
Tullahoma,3,2,0,1866,387,0,0,0,0,2253,2253,multi_level,tullahoma--render--front.jpg,tullahoma--elevation--front.jpg,tullahoma--elevation--left.jpg,tullahoma--elevation--rear.jpg,tullahoma--elevation--right.jpg,tullahoma--floor-plan--main.jpg,tullahoma--floor-plan--upper.jpg,,tullahoma--poster.jpg
Tumbleweed Camp,3,2,0,668,417,0,465,0,0,1085,1550,multi_level,tumbleweed-camp-smalls--render--front.jpg,tumbleweed-camp-smalls--elevation--front.jpg,tumbleweed-camp-smalls--elevation--left.jpg,tumbleweed-camp-smalls--elevation--rear.jpg,tumbleweed-camp-smalls--elevation--right.jpg,tumbleweed-camp-smalls--floor-plan--main.jpg,tumbleweed-camp-smalls--floor-plan--upper.jpg,,tumbleweed-camp-smalls--poster.jpg
Tumbling Creek Farm,2,2,1,1846,0,0,871,654,0,1846,3371,single_level,tumbling-creek-farm--render--front.jpg,,,,,tumbling-creek-farm--floor-plan--main.jpg,,,tumbling-creek-farm--poster.jpg
Turkey Lurkey,2,2,0,994,702,994,579,0,0,2690,3269,multi_level,turkey-lurkey--render--front.jpg,turkey-lurkey--elevation--front.jpg,turkey-lurkey--elevation--left.jpg,turkey-lurkey--elevation--rear.jpg,turkey-lurkey--elevation--right.jpg,turkey-lurkey--floor-plan--main.jpg,turkey-lurkey--floor-plan--upper.jpg,,turkey-lurkey--poster.jpg
Wagon Wheel Camp,1,1,1,0,1030,0,336,1067,0,1030,2433,multi_level,wagon-wheel-camp--render--front.jpg,wagon-wheel-camp--elevation--front.jpg,wagon-wheel-camp--elevation--left.jpg,wagon-wheel-camp--elevation--rear.jpg,wagon-wheel-camp--elevation--right.jpg,wagon-wheel-camp--floor-plan--main.jpg,wagon-wheel-camp--floor-plan--upper.jpg,,wagon-wheel-camp--poster.jpg
Welcome Valley,3,3,1,2689,718,0,1058,726,0,3407,5191,multi_level,welcome-valley--render--front.jpg,welcome-valley--elevation--front.jpg,welcome-valley--elevation--left.jpg,welcome-valley--elevation--rear.jpg,welcome-valley--elevation--right.jpg,welcome-valley--floor-plan--main.jpg,welcome-valley--floor-plan--upper.jpg,,welcome-valley--poster.jpg
Wheelhouse Ranch,4,5,0,2977,1137,0,1226,1255,0,4114,6595,multi_level,wheelhouse-ranch-wipf--render--front.jpg,wheelhouse-ranch-wipf--elevation--front.jpg,wheelhouse-ranch-wipf--elevation--left.jpg,wheelhouse-ranch-wipf--elevation--rear.jpg,wheelhouse-ranch-wipf--elevation--right.jpg,wheelhouse-ranch-wipf--floor-plan--main.jpg,wheelhouse-ranch-wipf--floor-plan--upper.jpg,,wheelhouse-ranch-wipf--poster.jpg
Whippoorwill Lodge,5,5,2,2443,1163,1487,1185,0,0,5093,6278,multi_level,whippoorwill-lodge--render--front.jpg,whippoorwill-lodge--elevation--front.jpg,whippoorwill-lodge--elevation--left.jpg,whippoorwill-lodge--elevation--rear.jpg,whippoorwill-lodge--elevation--right.jpg,whippoorwill-lodge--floor-plan--main.jpg,whippoorwill-lodge--floor-plan--upper.jpg,whippoorwill-lodge--floor-plan--lower.jpg,whippoorwill-lodge--poster.jpg
Whiskey Bottom Lodge,3,2,0,1516,288,1176,580,627,0,2980,4187,multi_level,whiskey-bottom-lodge--render--front.jpg,whiskey-bottom-lodge--elevation--front.jpg,whiskey-bottom-lodge--elevation--left.jpg,whiskey-bottom-lodge--elevation--rear.jpg,whiskey-bottom-lodge--elevation--right.jpg,whiskey-bottom-lodge--floor-plan--main.jpg,whiskey-bottom-lodge--floor-plan--upper.jpg,whiskey-bottom-lodge--floor-plan--lower.jpg,whiskey-bottom-lodge--poster.jpg
Wild Turkey Lodge,3,3,1,1514,0,988,870,725,866,3368,4963,multi_level,wild-turkey-lodge--render--front.jpg,wild-turkey-lodge--elevation--front.jpg,wild-turkey-lodge--elevation--left.jpg,wild-turkey-lodge--elevation--rear.jpg,wild-turkey-lodge--elevation--right.jpg,wild-turkey-lodge--floor-plan--main.jpg,wild-turkey-lodge--floor-plan--upper.jpg,,wild-turkey-lodge--poster.jpg
Wild Turkey Retreat,3,4,0,1533,945,0,765,780,0,2478,4023,multi_level,wild-turkey-retreat--render--front.jpg,wild-turkey-retreat--elevation--front.jpg,wild-turkey-retreat--elevation--left.jpg,wild-turkey-retreat--elevation--rear.jpg,wild-turkey-retreat--elevation--right.jpg,wild-turkey-retreat--floor-plan--main.jpg,wild-turkey-retreat--floor-plan--upper.jpg,,wild-turkey-retreat--poster.jpg
Wildcat Farm,3,2,1,2115,0,0,364,545,0,2115,3024,single_level,wildcat-farm--render--front.jpg,wildcat-farm--elevation--front.jpg,wildcat-farm--elevation--left.jpg,wildcat-farm--elevation--rear.jpg,wildcat-farm--elevation--right.jpg,wildcat-farm--floor-plan--main.jpg,,,wildcat-farm--poster.jpg
Wildwood,2,2,0,840,369,840,192,0,0,2049,2241,multi_level,wildwood--render--front.jpg,wildwood--elevation--front.jpg,wildwood--elevation--left.jpg,wildwood--elevation--rear.jpg,wildwood--elevation--right.jpg,wildwood--floor-plan--main.jpg,wildwood--floor-plan--upper.jpg,,wildwood--poster.jpg
Willow Creek Farm,3,2,1,2033,818,0,390,920,0,2851,4161,multi_level,willow-creek-farm--render--front.jpg,willow-creek-farm--elevation--front.jpg,willow-creek-farm--elevation--left.jpg,willow-creek-farm--elevation--rear.jpg,willow-creek-farm--elevation--right.jpg,willow-creek-farm--floor-plan--main.jpg,willow-creek-farm--floor-plan--upper.jpg,,willow-creek-farm--poster.jpg
Wolf Pack Lodge,2,3,0,1200,611,522,1417,678,0,2333,4428,multi_level,wolf-pack-lodge--render--front.jpg,wolf-pack-lodge--elevation--front.jpg,wolf-pack-lodge--elevation--left.jpg,wolf-pack-lodge--elevation--rear.jpg,wolf-pack-lodge--elevation--right.jpg,wolf-pack-lodge--floor-plan--main.jpg,wolf-pack-lodge--floor-plan--upper.jpg,wolf-pack-lodge--floor-plan--lower.jpg,wolf-pack-lodge--poster.jpg
Wolfpen Camp,3,2,1,1300,0,1300,323,0,0,2600,2923,multi_level,wolfpen-camp--render--front.jpg,wolfpen-camp--elevation--front.jpg,wolfpen-camp--elevation--left.jpg,wolfpen-camp--elevation--rear.jpg,wolfpen-camp--elevation--right.jpg,wolfpen-camp--floor-plan--main.jpg,,wolfpen-camp--floor-plan--lower.jpg,wolfpen-camp--poster.jpg
Woodland,2,2,0,822,582,0,50,0,0,1404,1454,multi_level,woodland--render--front.jpg,woodland--elevation--front.jpg,woodland--elevation--left.jpg,woodland--elevation--rear.jpg,woodland--elevation--right.jpg,woodland--floor-plan--main.jpg,woodland--floor-plan--upper.jpg,,woodland--poster.jpg
Wrenwood Lodge,6,3,1,2177,203,1857,471,576,0,4237,5284,multi_level,wrenwood-lodge--render--front.jpg,wrenwood-lodge--elevation--front.jpg,wrenwood-lodge--elevation--left.jpg,wrenwood-lodge--elevation--rear.jpg,wrenwood-lodge--elevation--right.jpg,wrenwood-lodge--floor-plan--main.jpg,wrenwood-lodge--floor-plan--upper.jpg,wrenwood-lodge--floor-plan--lower.jpg,wrenwood-lodge--poster.jpg
